id,symbol,side,opened_ts,closed_ts,entry_price,unrealized_pnl,fee,margin,leverage,fwd_1h,fwd_4h,fwd_24h,ret_24h,pos_range20d,atr1h_pct,funding_z7d,funding_level,oi_chg24_pct,ls_ratio,taker_bs_ratio,taker_imb_1h,liq_imb_4h,btc_1d_mom,net,notional,ret_actual,fwd_24h_pct,fwd_24h_net_pct,m
2213,BTC,short,1785501138,1785596152,63633.667250000006,0.0,0.0,17.149273323875004,10.0,-0.006060742161611121,-0.012511729787190728,-0.008870575504981715,-0.019415111670026297,0.35969598457394386,0.0051072470154210105,-0.8389213284474578,-1.198e-05,,,,,,-0.03851872246696031,0.0,171.49273323875005,0.0,-0.8870575504981715,-1.0370575504981714,-1.3759651895835145
2220,SOL,short,1785589658,1785634596,72.86804775,0.0,0.0,17.8738034325975,10.0,0.0011246664694677388,-0.010128551165967115,0.00016402593961339917,-0.011115629659753212,0.09276923929099062,0.0025486381404294907,0.30441041666476926,2.325e-05,,,,,,-0.014659981639714714,0.0,178.738034325975,0.0,0.016402593961339917,-0.13359740603866008,-0.4218094710626794
2240,SOL,short,1785676626,1785764030,72.86404974999999,0.0,0.0,5.9765426784687055,10.0,0.00461064477136075,0.006394789359069453,-0.0011535146658520068,-0.0008225939128050364,0.2752417158018856,0.004666224306315097,0.9127122948606905,0.0012,,,,,,-0.005567926987857796,0.0,59.76542678468705,0.0,-0.11535146658520068,-0.2653514665852007,0.04734231651442365
2224,BTC,short,1785612264,1785786361,62454.157300000006,0.0,0.0,36.22341123400001,10.0,0.0018308260801718212,0.005478301442072286,0.01464182273099035,-0.007132092191542205,0.13111321486017866,0.002347321721047385,1.6345671729182087,0.00039362,,,,,,-0.014659981639714714,0.0,362.23411234000014,0.0,1.464182273099035,1.3141822730990351,0.39155804437815084
2448,SOL,short,1786087565,1786163485,72.93101625,-8.453679461949804,0.0,35.620966956825,10.0,0.00972129261944854,0.008898597378313555,0.05044470705562132,,0.288237244897959,0.004759879609422775,1.0059027200650326,0.0004599,,,,,,0.023916570541923088,-8.453679461949804,356.20966956825,-2.373231325302379,5.044470705562132,4.8944707055621315,0.41948931009866375
2500,ETH,long,1786121976,1786275685,1910.5047749999999,1.7375512180920136,0.0,35.134182812249996,10.0,0.0010914523885448002,0.0014630819229437542,0.006922372125450549,0.00696108217973479,0.5595468545827884,0.0035185166481160987,1.663484853238083,0.00102668,,,,,,0.023916570541923088,1.7375512180920136,351.3418281225,0.49454721271792135,0.6922372125450549,0.5422372125450549,0.8215892455707331
2580,PUMP,long,1786290220,1786326329,0.0026643315,7.522022984751814,0.0,26.336856670267647,10.0,0.007382151958192917,0.04041107497321561,0.04041107497321561,0.12357173085061346,0.9174231547017188,0.02538830364872278,,,,,,,,0.017362059413357445,7.522022984751814,263.36856670267645,2.8560822876192433,4.041107497321561,3.891107497321561,-0.22203486834238362
2636,SOL,long,1786391180,1786392561,76.27261725,-0.3491179937007791,0.0,34.929045069637496,10.0,0.001145663452370993,-0.004623117217076977,-0.004623117217076977,-0.011541953054078569,0.6902184194711538,0.004513883575769308,0.5068731204466691,0.0012,,,,,,0.01584861490440881,-0.3491179937007791,349.29045069637493,-0.09995062647855045,-0.46231172170769774,-0.6123117217076978,0.028102298144695493
2630,ETH,short,1786385795,1786394016,1872.013525,-1.0934090143889972,0.0,35.062813323250005,10.0,0.0031765128406324727,0.001451097956143288,-0.004595866902190271,-0.02634564739926515,0.32003935660506583,0.004485239267397173,-0.5615493730045586,0.00022666,,,,,,0.01584861490440881,-1.0934090143889972,350.62813323250003,-0.3118429215330426,-0.4595866902190271,-0.6095866902190271,-0.6252193083907859
2844,VIRTUAL,long,1786541734,1786543875,0.568374045,0.2649463322965412,0.0,31.772762745651754,10.0,0.004268236773549372,0.055290974801637915,0.043854843864307824,,0.3839384844868734,0.010883175155744993,,,,,,,,-0.02201006060028554,0.2649463322965412,317.72762745651755,0.08338787986977944,4.385484386430782,4.235484386430782,-0.6428873179831165
2632,BTC,long,1786388873,1786591262,63934.45125,-0.03989302644592385,0.0,16.917055800750003,10.0,0.0020810180958579227,0.0005153520419087787,-0.009781131108089425,-0.019685401809277137,0.37911427452735164,0.0034562184276419818,-0.5198866609677547,0.0003204,,,,,,0.01584861490440881,-0.03989302644592385,169.17055800750003,-0.02358154215236154,-0.9781131108089425,-1.1281131108089424,-0.5997432910593028
2936,ETH,short,1786564234,1786596807,1876.711175,-1.6740420846579247,0.0,4.016302197490734,10.0,0.005743465027323813,0.001054411049691728,0.0052319318661275815,0.00034058495465960625,0.3492699583099992,0.004526155024512889,0.7610254609141494,0.00101515,,,,,,-0.02201006060028554,-1.6740420846579247,40.16302197490734,-4.168117841590248,0.5231931866127582,0.37319318661275813,-0.22116309836706674
2907,VIRTUAL,long,1786552405,1786603827,0.596503,-1.2652744553799549,0.0,11.606029634896625,10.0,0.005527214448209028,-0.007884285577775874,-0.05465689191839784,0.0564373897707231,0.7381028151774786,0.017878008516781483,,,,,,,,-0.02201006060028554,-1.2652744553799549,116.06029634896626,-1.090187165794898,-5.465689191839784,-5.615689191839785,-0.6428873179831165
3000,BTC,short,1786592443,1786604469,63554.70675,-0.7574817207900103,0.0,1.361958421916513,10.0,0.002298700717394242,0.00433159500023983,-0.003807849369079186,-0.0034685416444525385,0.3708936581375007,0.0029450443270502497,-0.5714146864922465,0.00041414,,,,,,-0.019417790056611484,-0.7574817207900103,13.61958421916513,-5.561709583792591,-0.3807849369079186,-0.5307849369079186,-1.0082178335232808
2958,XPL,short,1786573716,1786608775,0.073451,-10.08845413690476,0.0,8.088327316415173,10.0,0.006657499557528146,0.007338225483655814,0.023947938081169795,-0.025225703664365384,0.06363040629095675,0.016920901592315202,,,,,,,,-0.02201006060028554,-10.08845413690476,80.88327316415173,-12.47285593453958,2.3947938081169795,2.2447938081169796,-0.6428873179831165
3026,SOL,long,1786609012,1786616313,76.428195,-1.5085021189644292,0.0,1.3613054965158864,10.0,-0.006256787825487664,-0.006910996655095647,-0.012798876121567382,0.0013135426244583748,0.8191937499999998,0.0036074944032668268,1.4199534063031116,0.00069602,,,,,,-0.019417790056611484,-1.5085021189644292,13.613054965158863,-11.081290149972043,-1.2798876121567382,-1.429887612156738,0.20946881156601063
3043,BTC,short,1786624095,1786625234,63522.72275,-0.2551450854744327,0.0,31.761361375,10.0,0.0025609300571109994,-0.0022467983710601214,-0.010154205016346007,-0.00937856666188508,0.3655313889205522,0.002911444112222944,1.4045490257838227,0.00112371,,,,,,-0.019417790056611484,-0.2551450854744327,317.61361375,-0.08033191098517033,-1.0154205016346007,-1.1654205016346006,0.20004930318778774
3061,BTC,short,1786641417,1786644008,63135.91625,-0.09259862269384363,0.0,32.1993172875,10.0,-0.00011112929718515296,0.004692792432548165,0.0008011881826455181,-0.005884410881274893,0.2553049840419477,0.0038185192930610965,-1.4607361510738457,0.00025502,,,,,,-0.019417790056611484,-0.09259862269384363,321.993172875,-0.028757945973528775,0.0801188182645518,-0.06988118173544819,-1.5520223036913925
3063,ETH,long,1786643423,1786645933,1878.7889249999998,-0.4278735157696274,0.0,15.894553700765007,10.0,0.0045992792937079585,0.0064568589044669,-0.001037330470744613,-0.007014532373338378,0.3621985252940072,0.0042896174269739795,-1.106584703436233,0.00040115,,,,,,-0.019417790056611484,-0.4278735157696274,158.94553700765007,-0.2691950487096934,-0.1037330470744613,-0.2537330470744613,-1.3354649079554766
3073,ETH,short,1786652831,1786653942,1886.0065250000002,-0.22536050737305208,0.0,33.02397425275,10.0,0.0010728886529169923,-0.001286594170187394,-0.004160391226642357,0.00019612832092952281,0.4071092340240203,0.0041236033672486004,-0.21986471239457372,0.00058719,,,,,,-0.019417790056611484,-0.22536050737305208,330.2397425275,-0.06824148591209782,-0.4160391226642357,-0.5660391226642357,-0.7932511932075199
3083,BTC,short,1786663758,1786665299,63437.765250000004,-0.04366388824520145,0.0,32.353260277500006,10.0,-0.0003131454886803331,-0.0005101889997615183,-0.008448677974197683,0.0005392127493859533,0.34132145503248745,0.0036609558395951963,-0.4461887561932506,0.00063799,,,,,,-0.019417790056611484,-0.04366388824520145,323.53260277500004,-0.01349597779966781,-0.8448677974197683,-0.9948677974197683,-0.9316443745552206
3085,ETH,long,1786665852,1786666021,1886.292675,-0.24100585973747718,0.0,32.80262961825,10.0,0.0013451385533265192,0.00040679000145082966,-0.0022598163352354206,0.0009768372769598521,0.40888977039387703,0.0039052415720315405,1.3628601234481976,0.00099489,,,,,,-0.026074951295464,-0.24100585973747718,328.0262961825,-0.07347150595615409,-0.22598163352354206,-0.3759816335235421,0.10339822200555959
3086,SOL,long,1786665876,1786668311,76.25160675,-1.07276648685216,0.0,16.433746323010546,10.0,-0.002381677681827954,-0.004873428454017392,-0.011692956883167516,0.00527565286204168,0.7946676041666653,0.004028018165569435,0.6381649496037155,0.00061123,,,,,,-0.026074951295464,-1.07276648685216,164.33746323010547,-0.6527826739969032,-1.1692956883167516,-1.3192956883167515,-0.3397401601668483
3091,BTC,short,1786684367,1786684509,63326.42095,-0.3248345657804429,0.0,32.296474684500005,10.0,-0.0019963381492823506,-0.009501894169498315,-0.0036559929730246576,-0.008194707245805177,0.309592200501539,0.0025704685182997306,-0.1059743144333036,0.00083775,,,,,,-0.026074951295464,-0.3248345657804429,322.96474684500004,-0.10057895450005266,-0.36559929730246576,-0.5155992973024658,-0.7947682622956144
3092,XPL,short,1786693435,1786726005,0.07370163075,-10.258263565477609,0.0,22.723501433216445,10.0,0.053708028027589005,0.053708028027589005,0.053708028027589005,-0.019960079840319334,0.08321735354223393,0.007821110137764094,,,,0.7091,0.8428,,,-0.026074951295464,-10.258263565477609,227.23501433216444,-4.514385072048108,5.3708028027589005,5.2208028027589,-0.6863373330190071
3096,SOL,short,1786733716,1786733813,74.91502375,-0.4235054079262854,0.0,31.423106711937503,10.0,0.0035370241740062536,0.006073231072025065,0.008208984249304274,-0.011708985659781623,0.609031076388889,0.002717364533591677,-1.0238767229469532,-5.344e-05,,,,,,-0.026074951295464,-0.4235054079262854,314.23106711937504,-0.13477515505027945,0.8208984249304274,0.6708984249304274,-1.356049478152289
3110,BTC,long,1786766249,1786766307,63095.031749999995,-0.3222330681435538,0.0,32.178466192500004,10.0,6.130831370887435e-05,-0.0011511484816709716,4.862902695990101e-05,-0.005223712181349649,0.2436543229226021,0.0023960455718222366,0.723118563768303,0.00068663,,,,,,-0.03058818107097039,-0.3222330681435538,321.784661925,-0.10013934978002721,0.004862902695990101,-0.1451370973040099,-0.3360348712407134
3111,ETH,long,1786766676,1786766745,1883.3412,-0.3218599999999934,0.0,32.186301107999995,10.0,-0.00040417530291381176,-0.002889120675531376,-0.0001386896861812481,-0.0025224423176793964,0.39052454732126274,0.002624135688818819,0.4054048130730599,0.0004672,,,,,,-0.03058818107097039,-0.3218599999999934,321.86301108,-0.0999990644839876,-0.01386896861812481,-0.1638689686181248,-0.5303112546891164
3112,SOL,short,1786767045,1786767135,75.38229000000001,-0.3216679506564997,0.0,32.15054668500001,10.0,0.000765564431645549,-0.003612121626976439,0.0015615073513950417,-0.005930416447021414,0.6739291666666679,0.0033164288322894008,0.3109168201167625,0.0004483,,,,,,-0.03058818107097039,-0.3216679506564997,321.50546685000006,-0.10005053842725962,0.15615073513950417,0.0061507351395041765,-0.5880890043479777
3117,VIRTUAL,long,1786791301,1786791700,0.5606751974999999,-0.30129329128807053,0.0,31.8485042107584,10.0,-0.004949741869043511,-0.004949741869043511,-0.006911662076865777,,0.30747735552763733,0.010331930445090102,,,,,,,,-0.03058818107097039,-0.30129329128807053,318.485042107584,-0.09460202252961503,-0.6911662076865777,-0.8411662076865777,-0.7345796884257059
3118,XPL,short,1786792965,1786795797,0.0776021795,-0.4471854845969882,0.0,12.719926894171792,10.0,0.0007450886092705833,0.0007450886092705833,0.004224372332223059,,0.34892230926430456,0.007427994614875102,,,2.0577899648683173,0.9153,1.1923,,,-0.03058818107097039,-0.4471854845969882,127.19926894171792,-0.35156293610609224,0.42243723322230586,0.27243723322230584,-0.7345796884257059
3116,BNB,long,1786780528,1786795827,611.1604275,3.1870814616101644,0.0,31.865904689849998,10.0,-0.0017351049778169259,0.0008828655713315481,-0.009261770306618788,0.006919275123558499,0.8141816437007866,0.002010227385953296,0.7524920063996815,0.0012,0.6944632728388633,2.0731,0.7812,,,-0.03058818107097039,3.1870814616101644,318.6590468985,1.0001540808679192,-0.9261770306618788,-1.0761770306618788,-0.31807352650393106
3119,BNB,long,1786796330,1786804028,612.476085,-1.951875492396673,0.0,13.44335978323394,10.0,-0.004859104008934523,-0.0017569420690116688,-0.0077979942678088054,0.011074380165289277,0.8400804133858267,0.001877624332058577,0.3992982281560166,0.0012,1.8950274425916014,2.0039,1.0132,,,-0.03058818107097039,-1.951875492396673,134.43359783233942,-1.4519253548736972,-0.7797994267808805,-0.9297994267808806,-0.534045324210211
3113,BTC,short,1786775247,1786817706,62991.98825,-0.39552470188964567,0.0,0.3175442553213103,10.0,0.0011098514579748198,6.536545542390471e-06,0.0006272504027524661,-0.0026200210107965027,0.2142905078080482,0.0016905778036440653,0.4551012503227441,0.00061309,,,,,,-0.03058818107097039,-0.39552470188964567,3.175442553213103,-12.45573476016532,0.06272504027524661,-0.08727495972475338,-0.49992275536224823
3122,BNB,short,1786868398,1786868502,604.5125925000001,-0.41230095545127826,0.0,31.749001358100003,10.0,0.004280154842266404,0.0052726899977686426,0.0003100142202578926,-0.008514819060094991,0.6730201727642294,0.0015360663120866994,0.24811661726282447,0.00075143,0.04907559065927547,2.0912,1.4953,,,-0.017165051460727332,-0.41230095545127826,317.490013581,-0.12986265325352964,0.03100142202578926,-0.11899857797421073,-0.48300907841376683
3124,SOL,short,1786869639,1786869759,75.39178525000001,-0.26715078291997296,0.0,31.75577386515251,10.0,-0.0014827245386129784,-0.0028091289959207844,-0.002411207658728598,0.0035937707972848454,0.6752479513888902,0.0017622230647090533,-0.45420505005673417,0.00031649,,,,,,-0.017165051460727332,-0.26715078291997296,317.5577386515251,-0.08412668009742107,-0.2411207658728598,-0.3911207658728598,-0.9124664539466769
3123,ETH,short,1786869632,1786871989,1879.409825,-0.453023869286605,0.0,31.74323194425,10.0,2.137639138921621e-05,-0.00019145637913220437,0.007560977287111914,0.0018599842247757348,0.3750706088619699,0.0011470166097031413,1.7351297356824544,0.00113565,,,,,,-0.017165051460727332,-0.453023869286605,317.4323194425,-0.14271510540648213,0.7560977287111914,0.6060977287111914,0.4262733500449489
3125,ASTER,long,1786877488,1786881103,0.6022259625,-0.11958945604353713,0.0,31.711099349862003,10.0,-0.0010394146698715634,-0.0013715159282924327,-0.0038622753664494525,0.0013317795904779217,0.3774867610837458,0.000984443016033426,,,0.4733389984162395,1.4975,0.5659,,,-0.017165051460727332,-0.11958945604353713,317.11099349862,-0.03771217601891735,-0.38622753664494525,-0.5362275366449453,-0.5910985404367649
3126,UNI,long,1786877582,1786881914,3.2651317499999992,0.9152673755359555,0.0,31.69055248256249,10.0,0.0027160466036326714,0.018641897068931712,0.01527296716281068,0.01049382716049374,0.07319499645138347,0.010413056073464724,,,-0.902737793842534,1.0165,0.4723,,,-0.017165051460727332,0.9152673755359555,316.9055248256249,0.288813953634786,1.527296716281068,1.377296716281068,-0.5910985404367649
3127,BNB,short,1786885777,1786885953,606.4416275,-0.3141990170367694,0.0,31.662317371774996,10.0,0.0022399064285869574,0.0009207357718861164,-0.004685739519093235,-0.005081134240288554,0.5748236486486483,0.001696076558615586,0.23150023569698217,0.00070513,-0.6587038025574254,2.1008,0.9879,,,-0.017165051460727332,-0.3141990170367694,316.62317371775,-0.09923437168147978,-0.4685739519093235,-0.6185739519093235,-0.49316970416429373
3128,ASTER,long,1786888868,1786889939,0.6011554274999998,-0.23282042863071334,0.0,31.74192633980407,10.0,7.414471858879779e-05,-0.0017556649274365066,-0.0007575869386953205,0.0,0.3563856874999962,0.0010218417503777793,,,0.3504213024011271,1.5336,2.5173,,,-0.017165051460727332,-0.23282042863071334,317.4192633980407,-0.07334792039346356,-0.07575869386953205,-0.22575869386953204,-0.5910985404367649
3129,BNB,short,1786888903,1786892873,606.501598,-0.6669176935707345,0.0,31.665448405475,10.0,0.0013164054350933707,-0.0026407152186925797,-0.0026407152186925797,-0.004916420845624381,0.5766245645645631,0.001731240286031384,0.18918584269476316,0.00064948,-1.0773686940144356,2.1027,1.2272,,,-0.017165051460727332,-0.6669176935707345,316.65448405475,-0.21061369004817992,-0.264071521869258,-0.414071521869258,-0.519044212970716
3135,ASTER,long,1786894611,1786896588,0.6018057524999999,-0.465447147547844,0.0,12.640821506347113,10.0,-0.002003557618037055,-0.0039975565039150895,0.000987440710780163,0.0,0.3726438124999978,0.0010919517708379638,,,0.6077563664482089,1.5394,0.5441,,,-0.017165051460727332,-0.465447147547844,126.40821506347112,-0.3682095719128201,0.0987440710780163,-0.05125592892198369,-0.5910985404367649
3140,ASTER,long,1786898622,1786899831,0.6016456725,-0.2868614639114684,0.0,31.588148595156973,10.0,-7.591262114492459e-05,-0.002901495979762081,0.00025650895045714606,-0.0001664447403462166,0.3686418125000004,0.0011278589036496681,,,0.525955457458438,1.5543,2.8908,,,-0.017165051460727332,-0.2868614639114684,315.88148595156974,-0.09081300318925603,0.025650895045714606,-0.12434910495428539,-0.5910985404367649
3136,BNB,short,1786894631,1786900647,607.0113425000001,-0.35242772492145513,0.0,31.522099016025003,10.0,0.00014605575512782742,-0.002160326188633044,0.0004755388899506663,-0.006215243702976658,0.5919322072072094,0.0016474156741148804,0.4915781078534811,0.00080524,-1.068944381645942,2.0998,1.0661,,,-0.017165051460727332,-0.35242772492145513,315.22099016025004,-0.11180338109536747,0.04755388899506663,-0.10244611100493337,-0.33413664907318075
3143,ASTER,long,1786901954,1786902886,0.6023860424999999,-0.2705430443226796,0.0,31.822259514868353,10.0,-0.004126992202014623,-0.006451083235382127,-0.0026329336805640535,0.0013322231473771318,0.38715106249999875,0.0012094759459361473,,,0.5874845529276529,1.572,0.927,,,-0.017165051460727332,-0.2705430443226796,318.2225951486835,-0.08501691848634238,-0.26329336805640535,-0.4132933680564054,-0.5910985404367649
3148,UNI,long,1786904384,1786908859,3.298798575,1.0889129331615468,0.0,31.801045034729253,10.0,0.0012736227764376107,-0.004486049894695476,-0.0005452212249728028,0.016358024691357942,0.09708912349183837,0.008249756720682982,,,1.7708987986956082,1.0251,0.7927,,,-0.017165051460727332,1.0889129331615468,318.01045034729253,0.34241419801530665,-0.05452212249728028,-0.20452212249728027,-0.5910985404367649
3156,VIRTUAL,long,1786908838,1786910103,0.5572835024999999,-0.8786871585716355,0.0,31.97337190470405,10.0,-0.003918117960077017,-0.009839700036697097,0.03053472321298467,-0.0017924359204158913,0.2648681218592953,0.00510127633440421,,,,,,,,-0.017165051460727332,-0.8786871585716355,319.7337190470405,-0.274818421150745,3.053472321298467,2.903472321298467,-0.5910985404367649
3149,ETH,short,1786904412,1786941164,1882.808125,-3.2190489996126668,0.0,31.7441449875,10.0,0.0021679718425902106,-0.0067336256051050425,0.014160696804938588,0.0016046588240294923,0.4630413349207534,0.0015736373258199785,-0.8655450693588533,0.00058371,,,,,,-0.017165051460727332,-3.2190489996126668,317.441449875,-1.0140607034400335,1.4160696804938588,1.266069680493859,-1.1639936577354315
3150,BNB,short,1786904503,1786969303,605.432133,0.3271618100602054,0.0,31.694372136375012,10.0,0.0002772680715974474,-0.005503726707548284,0.0011031244686181552,-0.008019639934533473,0.5445084984984994,0.0017578943308014623,-1.2604068608751238,-0.0003544,-1.5877150223623127,2.1133,1.1567,,,-0.017165051460727332,0.3271618100602054,316.9437213637501,0.10322394419188641,0.11031244686181552,-0.03968755313818448,-1.4054447143858635
3153,SOL,short,1786904712,1786969539,75.18239,-1.6119472037924074,0.0,31.735238642899997,10.0,0.0015643290935549725,-0.011337628399416433,0.009943950970433546,-0.005559968228753043,0.6461652777777771,0.002479684024790545,1.65306143621431,0.0012,,,,,,-0.017165051460727332,-1.6119472037924074,317.352386429,-0.507936058691981,0.9943950970433546,0.8443950970433546,0.37609002501875166
3209,ETH,long,1786954983,1787019814,1895.677365,0.5038701508994716,0.0,31.48720103265,10.0,-0.0012751985356960205,0.0009931199447539285,0.0021747556182905026,0.00659095140569721,0.6378778985815007,0.004369339053039314,1.6300894435533222,0.00106602,,,,,,0.014031895099444247,0.5038701508994716,314.8720103265,0.1600237983607987,0.21747556182905026,0.06747556182905026,0.6955102739665217
3400,ETH,short,1787075431,1787076690,1911.333855,-0.3042569139356074,0.0,31.212081852150003,10.0,0.001604191225922591,0.0008664865092340435,0.18946776046092673,0.0022118907472732374,0.7708643081627465,0.004420996351785969,0.23535424332513408,0.00028345,,,,,,0.015561987745996042,-0.3042569139356074,312.12081852150004,-0.09748049341176805,18.946776046092673,18.796776046092674,-0.14099051650905586
3404,UNI,long,1787075991,1787076932,3.279639,0.44841150091523446,0.0,31.17057455853,10.0,0.0022444543439079645,0.007123040066300046,0.06902009641914852,-0.006365565322825062,0.08349112845990068,0.007753466594515856,,,-0.8787106440038772,1.0446,1.3208,,,0.015561987745996042,0.44841150091523446,311.7057455853,0.1438573100644127,6.9020096419148524,6.752009641914852,-0.24127601081770417
3393,BTC,short,1787075283,1787079235,64641.563050000004,-0.6757985054921476,0.0,31.027950264000005,10.0,0.0012134135732349005,-0.0008719320409441567,0.10410387113929787,0.004637421693000743,0.7550897814809006,0.003653664303350581,2.2378592556255135,0.00093582,,,,,,0.015561987745996042,-0.6757985054921476,310.27950264000003,-0.21780314192273242,10.410387113929787,10.260387113929786,1.0835061594317705
3415,UNI,long,1787078789,1787079793,3.2906445,-0.4041151733049481,0.0,31.00846706529,10.0,0.00223527640254062,-0.00019585828855106513,0.06362142735260523,-0.0045495905368516665,0.09130198722498231,0.007770948387596568,,,-1.5662539082645255,1.0354,1.4117,,,0.015561987745996042,-0.4041151733049481,310.0846706529,-0.13032413774407545,6.362142735260523,6.212142735260523,-0.24127601081770417
3399,BNB,long,1787075412,1787091108,603.3615299999999,-0.17273033006656607,0.0,31.278261715199996,10.0,-0.00043345488069135296,-0.0012621454337665705,0.022272666273569053,-0.005611487044066665,0.4823282282282257,0.002616294460423113,0.9881280880410476,0.00013342,-0.16853786525186099,2.2227,1.0081,,,0.015561987745996042,-0.17273033006656607,312.78261715199994,-0.055223762637239514,2.2272666273569053,2.0772666273569054,0.3193174801890143
3397,XRP,short,1787075311,1787140142,0.9996999000000001,-1.6251856208757531,0.0,31.230374951025006,10.0,0.001100430239114658,0.001100430239114658,0.05891778122614588,-0.0005995802937942551,0.11193936567164242,0.004115520782072413,0.5914645157645392,0.00047931,-0.3185524694395703,3.1391,0.921,,,0.015561987745996042,-1.6251856208757531,312.30374951025004,-0.5203862020306654,5.891778122614588,5.741778122614588,0.0767646662205564
3405,VIRTUAL,short,1787076009,1787143788,0.5861068,2.5034108594815923,0.0,31.120430704648005,10.0,-0.001888393036900582,-0.019973834120334377,0.0035713627618718657,0.012448132780082943,0.6269698492462314,0.0112241854702444,,,,,,,,0.015561987745996042,2.5034108594815923,311.20430704648004,0.8044268034849833,0.3571362761871866,0.20713627618718658,-0.24127601081770417
3560,VIRTUAL,short,1787235948,1787236865,0.62838565,0.8531763941466843,0.0,28.431773739631,10.0,0.006388354030681498,-0.00125026725228361,0.1354492261241167,0.0848631797713888,0.7458385922330095,0.019130654195283682,,,,,,,,0.15668586914317872,0.8531763941466843,284.31773739631,0.3000784973740288,13.54492261241167,13.39492261241167,1.2672109888214391
3561,BTC,short,1787235949,1787236865,71591.78620000002,0.31055215163105876,0.0,27.920796618000008,10.0,0.008350312678746752,0.010684379320598403,0.07447521682312752,,0.9789985972111744,0.008951246341241783,-0.32868617530944366,7.893e-05,,,,,,0.15668586914317872,0.31055215163105876,279.2079661800001,0.11122610714869492,7.447521682312752,7.297521682312752,1.0225956646692589
3566,XRP,short,1787237349,1787241006,1.221389,-7.303885441898518,0.0,28.558713020240003,10.0,0.031039251213168084,0.01335446774123561,0.1585170654066803,0.17749208481243417,0.9029714064914997,0.016480066079333788,-0.5774709490601857,0.0007,-1.5764405238030799,2.7622,0.97,,,0.15668586914317872,-7.303885441898518,285.58713020240003,-2.5574981045967093,15.851706540668031,15.701706540668031,0.8704681410869218
3587,XPL,long,1787241973,1787248978,0.08756375999999999,2.3674554296161223,0.0,27.196591086993596,10.0,0.029763911462915793,-0.01957156705011287,0.19535753147192403,0.10556257901390631,0.9546683544303793,0.01673882306692043,,,11.076474534993297,1.2941,1.1137,,,0.15668586914317872,2.3674554296161223,271.96591086993595,0.8704971229825661,19.535753147192402,19.385753147192403,1.2672109888214391
3594,BTC,short,1787249233,1787250179,72501.33120000002,-0.6569998294311872,0.0,26.825492544000006,10.0,0.0009623106065119735,0.0009154149158572267,0.06792659829120473,0.016732286222695514,0.9675480835415601,0.01090147471073508,-0.9364934843457732,-8e-06,,,,,,0.15668586914317872,-0.6569998294311872,268.2549254400001,-0.24491622226639662,6.792659829120473,6.642659829120473,0.6509321607299817
3595,XRP,short,1787249248,1787250183,1.28125905,1.7574895085420594,0.0,27.0554632901055,10.0,-0.03891410562134179,-0.01690450498671603,0.08775817037155753,0.19951040391676855,0.8246040730337083,0.023403319013211483,0.47667597500943754,0.00118443,10.823621401790696,2.5174,0.8449,,,0.15668586914317872,1.7574895085420594,270.554632901055,0.64958765987378,8.775817037155754,8.625817037155754,1.5150604874469908
3597,ETH,short,1787250227,1787251211,2330.57413,2.0991799352980283,0.0,27.1511886145,10.0,-0.0006625534799014066,-0.007008629242786668,0.0334020141208724,0.025568844101747645,0.9649111325538277,0.01892727976493436,1.397814335239671,0.00117198,,,,,,0.15668586914317872,2.0991799352980283,271.511886145,0.773144765447568,3.3402014120872403,3.1902014120872404,2.0783204309952934
3607,BTC,short,1787252021,1787252975,72457.1533,0.03761708533469902,0.0,26.809146721,10.0,0.002457268770452714,0.00504086461260389,0.06305722060433205,0.015625394067618537,0.96338251850455,0.010992407721717258,-0.9364934843457732,-8e-06,,,,,,0.15668586914317872,0.03761708533469902,268.09146721,0.014031437004010648,6.305722060433205,6.155722060433205,0.6509321607299817
3598,ASTER,short,1787250245,1787253868,0.655672,0.22529049969531031,0.0,27.12387863632,10.0,-0.0031601166436877604,0.016514354738344617,0.07325003965397325,0.06795315850239159,0.7131034482758628,0.022615837535492483,,,11.854587351150636,1.9577,0.7136,,,0.15668586914317872,0.22529049969531031,271.2387863632,0.08305983916092184,7.325003965397325,7.175003965397325,1.2672109888214391
3618,ETH,short,1787253919,1787254865,2327.5256550000004,-0.36804658589072775,0.0,27.720830551050007,10.0,-0.001849885087518266,-0.0006125195642582293,0.03844182976363353,0.02415250696072535,0.9591434044726993,0.019527174663945823,0.5010938270451388,0.00083723,,,,,,0.15668586914317872,-0.36804658589072775,277.20830551050005,-0.13276896058829915,3.844182976363353,3.694182976363353,1.5299915754930495
3614,XRP,short,1787253017,1787257584,1.2344824500000002,-0.814779825826246,0.0,27.66083839513351,10.0,0.001067289372967517,0.02504494899866727,0.12289972206571242,0.16052508204406934,0.693209129213484,0.026714491914057916,0.5152414122080476,0.0012,3.6556185887008263,2.4795,1.0731,,,0.15668586914317872,-0.814779825826246,276.6083839513351,-0.29456078452401274,12.289972206571242,12.139972206571242,1.5386425755645405
3619,BTC,short,1787254914,1787258742,72663.65000000001,-0.44659878943164005,0.0,27.612187000000006,10.0,-0.0012434002420743662,0.004513260756925819,0.061021569932146136,0.01834918944669406,0.9828532365282173,0.011298142685019058,-1.7435773440243478,-0.00020932,,,,,,0.15668586914317872,-0.44659878943164005,276.12187000000006,-0.16173973812057696,6.102156993214614,5.952156993214613,0.15741454289059906
3625,ASTER,short,1787257852,1787258876,0.6606695,-0.7985046973365221,0.0,28.338400771470003,10.0,0.002467951070845631,0.0210854292501772,0.049541412158424114,0.05670350792888024,0.7725267538644477,0.020304078990002885,,,4.808967671750164,2.012,1.8968,,,0.15668586914317872,-0.7985046973365221,283.38400771470003,-0.2817747916602356,4.954141215842411,4.804141215842411,1.2672109888214391
3626,ETH,short,1787259187,1787260178,2312.3432500000004,-0.6487237946624912,0.0,28.210587650000008,10.0,0.002381458721580243,0.01392818734848289,0.058843664321894806,0.018289223081896955,0.9304182275702888,0.019843198328918354,-0.02832327531360725,0.00065119,,,,,,0.15668586914317872,-0.6487237946624912,282.1058765000001,-0.22995756157617336,5.884366432189481,5.73436643218948,1.206262307380103
3632,BTC,short,1787260581,1787261594,72746.2087,-0.2216595764835194,0.0,27.643559306000004,10.0,0.0003999012528608237,0.025421136483226858,0.07736886087370753,0.018371607515657473,0.9697084010189774,0.011624169847827198,-1.6632264763401936,-0.00026399,,,,,,0.15668586914317872,-0.2216595764835194,276.43559306000003,-0.08018489009677145,7.7368860873707535,7.586886087370753,0.20654768851762706
3627,XRP,short,1787259424,1787262453,1.24167885,-5.88170295765576,0.0,28.247138410477497,10.0,0.011372626665904884,0.02361411728966778,0.10721061247036623,0.12201735357917576,0.7134237359550564,0.027284487795351784,0.5152414122080476,0.0012,3.518915861584415,2.643,0.9554,,,0.15668586914317872,-5.88170295765576,282.471384104775,-2.0822296659523234,10.721061247036623,10.571061247036623,1.5386425755645405
3565,UNI,short,1787236944,1787270741,3.6371805,-8.97731091920855,0.0,28.468757350574997,10.0,0.01644666796162575,0.02084567977860874,0.0961787571444419,0.0760164997053625,0.3920631188118813,0.015750033380447902,,,4.612153061050028,1.0288,0.6752,,,0.15668586914317872,-8.97731091920855,284.68757350575,-3.1533905075864612,9.61787571444419,9.46787571444419,1.2672109888214391
3586,VIRTUAL,long,1787241968,1787271313,0.6406724584216286,18.334338111776155,0.0,40.803433803566485,10.0,0.0050377404802492975,-0.01665821322789718,0.11648314298108753,0.08113590263691672,0.845246427359454,0.01943270673859152,,,,,,,,0.15668586914317872,18.334338111776155,408.03433803566486,4.493332154357463,11.648314298108753,11.498314298108752,1.2672109888214391
3884,XRP,long,1787475958,1787478715,1.4839416,-0.8976177704064159,0.0,1.2422564838807355,10.0,0.0007132356152022012,0.020997052714203823,-0.003195273991914549,-0.0245815210228022,0.696674996490243,0.01908045822981559,0.4698829912984158,0.0012,-0.9941359003352912,2.4153,1.048,,,0.20376972915231395,-0.8976177704064159,12.422564838807356,-7.225704047865472,-0.3195273991914549,-0.4695273991914549,2.0141906913790666
3883,BTC,short,1787472588,1787478984,76151.60515,-1.5143754887610934,0.0,17.057936357556745,10.0,0.004641988166942834,0.01234635630001546,0.012366053849358627,-0.01425181535269715,0.8115235216075003,0.005017997594087097,1.5811388300839375,0.0013,,,,,,0.20376972915231395,-1.5143754887610934,170.57936357556744,-0.887783526106438,1.2366053849358627,1.0866053849358628,2.693704136965686
3886,UNI,long,1787476028,1787480689,4.1570775,4.945878980991337,0.0,24.72937320735,10.0,0.014174020089834816,0.07743961954041034,0.0476109718907094,-0.013301662707838502,0.774982476635514,0.019725396026415203,,,-3.7250096802292965,1.3026,1.316,,,0.20376972915231395,4.945878980991337,247.2937320735,2.0000017548044187,4.76109718907094,4.611097189070939,1.770494983092502
3896,XPL,long,1787491757,1787493419,0.103461705,2.1618513388453793,0.0,27.1345599467235,10.0,0.002206565221402501,0.004139647611645314,-0.04438072038345009,0.08079857844674398,0.8473078306585503,0.027270269433782992,,,10.215142456007476,1.1057,0.9527,,,0.20376972915231395,2.1618513388453793,271.345599467235,0.7967150906777182,-4.438072038345009,-4.588072038345009,1.770494983092502
3894,VIRTUAL,long,1787490524,1787494202,0.68864415,14.042621415054047,0.0,19.593788849768174,10.0,0.0478561387619425,0.03696517279642886,0.11363757319364431,0.012658227848101111,0.6414357402361491,0.01519549060902603,,,,,,,,0.20376972915231395,14.042621415054047,195.93788849768174,7.1668739123011385,11.363757319364431,11.213757319364431,1.770494983092502
3900,XPL,long,1787500464,1787503027,0.111185565,-13.108207349999974,0.0,28.23110790760395,10.0,-0.05077606072335028,-0.05896057640216157,-0.1066286347512827,0.14998434401419458,0.9683223484848485,0.03515358696582087,,,12.702684365048267,1.0947,1.1433,,,0.20376972915231395,-13.108207349999974,282.3110790760395,-4.643178508226142,-10.66286347512827,-10.812863475128271,1.770494983092502
3893,BNB,long,1787490523,1787505123,697.2127973268775,17.163207593615375,0.0,39.25586152912171,10.0,0.0004119297210603001,0.0006987861883638313,0.012029616646853203,0.002888920988010968,0.7953169126402138,0.007550472014382176,0.08076606470593874,0.0012,0.35286868962554063,2.4566,1.2087,,,0.20376972915231395,17.163207593615375,392.5586152912171,4.3721388157238525,1.2029616646853203,1.0529616646853204,1.7762525188211609
3906,XRP,short,1787505437,1787522427,1.511244,-2.584521699279401,0.0,28.68135582816,10.0,-0.00227891723639595,0.019689739049418842,-0.019086262708073676,0.023238482384823955,0.7350049136599748,0.01788025532040398,0.34781925256560914,0.0012,2.4779405512321384,2.5149,0.9991,,,0.20376972915231395,-2.584521699279401,286.8135582816,-0.9011155939643061,-1.9086262708073676,-2.0586262708073675,1.9395508570649784
3892,ASTER,long,1787490521,1787528417,0.66623295,2.7552930271199134,0.0,9.815655023332251,10.0,0.0062546441150950205,0.010457378308893261,0.025016850337408192,0.008803885853066129,0.41823500856653373,0.014655963374801111,,,0.32477811191815587,1.5349,1.0518,,,0.20376972915231395,2.7552930271199134,98.15655023332252,2.80703938817171,2.501685033740819,2.3516850337408193,1.770494983092502
3890,BTC,short,1787479911,1787567343,76598.6815,-4.3046896309223905,0.0,24.511578080000003,10.0,0.008368531774270771,0.01148216239205091,0.016651964172516243,0.0012050741061824244,0.8363352286118318,0.005558282917143178,0.0,0.0012,,,,,,0.20376972915231395,-4.3046896309223905,245.11578080000004,-1.7561862467087594,1.6651964172516243,1.5151964172516244,1.7268654875010072
3899,UNI,long,1787499557,1787568106,4.5692835,-16.80008072743208,0.0,28.296704551635003,10.0,-0.006846478227932162,-0.0026882770570045844,-0.054118659960582405,0.08803827751196192,0.9369397470039948,0.024605295650526264,,,11.188927303906882,1.405,0.9067,,,0.20376972915231395,-16.80008072743208,282.96704551635,-5.937115644253125,-5.411865996058241,-5.561865996058241,1.770494983092502
3898,ETH,long,1787497843,1787589143,2439.0289049999997,6.566251543270407,0.0,28.21956443085,10.0,0.0021611449496128365,0.004707240236663246,0.03644528148796189,0.011390079100075834,0.8431524519648472,0.010239731045745838,0.08076606470597182,0.0012,,,,,,0.20376972915231395,6.566251543270407,282.1956443085,2.3268436900791047,3.644528148796189,3.494528148796189,1.776252518821181
4071,ASTER,long,1787663891,1787678738,0.7009066844758307,11.545686866359475,0.0,26.253002695409606,10.0,-0.0018642773778194677,0.00869347612047111,-0.012422030876110046,0.020912547528517234,0.6162574784456352,0.013401009507965451,,,1.0257842814251905,1.6752,0.7137,,,0.076126615542917,11.545686866359475,262.53002695409606,4.397853838021455,-1.2422030876110046,-1.3922030876110045,0.4061052315711027
4108,XPL,short,1787693491,1787707200,0.09023486,-3.516399416175372,0.0,8.411239316707757,10.0,0.013244770369234216,0.01512874292706834,-0.03751166677711926,-0.05084745762711873,0.4383785282258065,0.0191246962173409,,,-9.880232243215502,0.9608,1.0161,,,0.076126615542917,-3.516399416175372,84.11239316707757,-4.180596085514454,-3.7511666777119257,-3.9011666777119256,0.4061052315711027
4092,BNB,long,1787680024,1787721053,700.6601549999999,-1.9236776612613,0.0,4.577062432309792,10.0,-0.0022266929107733757,-0.007507427049280313,-0.004510253619316895,-0.00610795454545443,0.8202616136034727,0.007390988900419841,0.2245127062528906,0.00098622,-1.644858605009314,2.5149,1.0567,,,0.076126615542917,-1.9236776612613,45.77062432309792,-4.202865243178528,-0.4510253619316895,-0.6010253619316895,0.49976131620261804
4109,XRP,short,1787694796,1787723039,1.4354819,-1.1187637779271329,0.0,16.833566080463,10.0,0.0062822805358950795,0.004192390025955728,-0.022418882467274637,-0.02930254540544197,0.6286422855538398,0.013539504946536957,-0.787409764905352,-5.147e-05,-3.8554860060682428,2.4868,0.8881,,,0.076126615542917,-1.1187637779271329,168.33566080463,-0.6646029561291635,-2.2418882467274637,-2.3918882467274636,-0.11901151813834702
4125,XPL,long,1787709968,1787738940,0.09168581999999999,-6.004961776832056,0.0,16.7344417717662,10.0,0.015533263486109616,-0.004208066198240656,-0.05917839857897311,-0.06758957654723119,0.4749450604838707,0.018377978186812326,,,-11.206769234312874,0.8783,1.508,,,0.009515452537219415,-6.004961776832056,167.344417717662,-3.588384876371216,-5.917839857897311,-6.067839857897312,-0.30590801827807995
4069,UNI,long,1787652559,1787739223,4.3411695,-4.433561760837767,0.0,17.47016841885,10.0,0.004337656016425884,0.009175062157789515,-0.022843959444569073,0.0013793103448276334,0.760264023210832,0.015812065652552203,,,-9.475965145475229,1.3326,1.1917,,,0.076126615542917,-4.433561760837767,174.7016841885,-2.5377899368468784,-2.2843959444569073,-2.434395944456907,0.4061052315711027
4124,ASTER,long,1787709904,1787763809,0.7017507,-0.40384421424553196,0.0,2.091389014861038,10.0,-0.0032072643461559247,-0.003634766591611438,0.02515038460239527,0.007184940364995063,0.6210776699029124,0.015145793838996443,,,-0.8379480140136231,1.8161,0.7954,,,0.009515452537219415,-0.40384421424553196,20.91389014861038,-1.9309856338341975,2.515038460239527,2.365038460239527,-0.30590801827807995
4140,UNI,long,1787747482,1787763907,4.3251615,-0.27344776255503017,0.0,1.009465661840625,10.0,-0.012291217333734172,-0.029169199809070734,0.031637778150018114,-0.025641025641025772,0.7499429400386848,0.012253877687573082,,,-0.27955459016502093,1.3458,1.0863,,,0.009515452537219415,-0.27344776255503017,10.094656618406251,-2.7088366934288275,3.1637778150018114,3.0137778150018115,-0.30590801827807995
4126,VIRTUAL,long,1787711861,1787763947,0.7733865,-12.87694809740472,0.0,0.5318288940562501,10.0,-0.026877247016853678,-0.023386107722335514,-0.03812647363252397,-0.06328343677741255,0.7811493259592118,0.018582466297806553,,,,,,,,0.009515452537219415,-12.87694809740472,5.318288940562502,-242.12577092591658,-3.812647363252397,-3.962647363252397,-0.30590801827807995
4139,XPL,short,1787747480,1787781875,0.08913541,2.171746454750465,0.0,9.065215095020475,10.0,-0.00892361408333675,-0.05727701258119533,-0.015767134520388693,-0.058461538461538454,0.4106706149193548,0.018238703178840902,,,-5.407514371663035,0.8786,0.8826,,,0.009515452537219415,2.171746454750465,90.65215095020476,2.3956921396640722,-1.5767134520388693,-1.7267134520388692,-0.30590801827807995
4158,ASTER,long,1787795821,1787799660,0.7219608,-1.8132626699126493,0.0,0.48693526045725,10.0,-0.012827289237864359,-0.022523106517694513,-0.030833807043263217,0.026965330289627554,0.7364980011422042,0.013742336940493986,,,2.955797432113605,2.0779,1.3304,,,0.042910685370158186,-1.8132626699126493,4.8693526045725,-37.23826999527472,-3.0833807043263217,-3.2333807043263216,0.05105689850046396
4157,UNI,long,1787795809,1787809242,4.3991985,-0.8715522535999938,0.0,7.793180142749999,10.0,0.0006368205481066536,-0.011410828586161714,0.061102380354057795,0.014883720930232602,0.7976779497098644,0.013395297218020824,,,0.9736080652934742,1.3618,1.0583,,,0.042910685370158186,-0.8715522535999938,77.93180142749999,-1.1183525051846765,6.1102380354057795,5.960238035405779,0.05105689850046396
4159,XPL,short,1787802967,1787812983,0.08507744,-1.884733260133125,0.0,7.653417191492801,10.0,-0.0016154693888298377,0.02295038496691948,0.03846566140212948,-0.07423014586709875,0.30840322580645174,0.016396826232665196,,,-2.0548035168572287,0.7109,0.7335,,,0.042910685370158186,-1.884733260133125,76.53417191492801,-2.462603583439971,3.846566140212948,3.696566140212948,0.05105689850046396
4163,XPL,short,1787814892,1787819912,0.08656669500000001,-3.9122285520634295,0.0,15.232668664995302,10.0,0.014362394221010488,0.015286537160740465,-0.005044607513316923,-0.05018669009444332,0.3459348538306455,0.012987508813703866,,,1.2259422835665834,0.7085,1.501,,,0.042910685370158186,-3.9122285520634295,152.32668664995302,-2.5683146125627596,-0.5044607513316923,-0.6544607513316923,0.05105689850046396
4161,SOL,long,1787811326,1787825769,102.59129758387033,10.159818720483951,0.0,18.91376259626362,10.0,-0.011319650021201277,0.013243836934793807,0.04589767872153305,0.04569420035149396,0.9906223951504147,0.012588090820986107,0.7726825661527573,0.0012,,,,,,0.042910685370158186,10.159818720483951,189.1376259626362,5.371653931244228,4.589767872153305,4.439767872153305,0.4799092334161455
4162,UNI,long,1787811328,1787826416,4.352174999999999,1.9579912898640146,0.0,15.152793610499998,10.0,0.006623125218999881,0.01880094435540869,0.07256716469351554,0.02111189303307537,0.7673597678916821,0.011455684308912834,,,1.424819275537681,1.416,1.1362,,,0.042910685370158186,1.9579912898640146,151.52793610499998,1.2921652206146603,7.256716469351554,7.106716469351554,0.05105689850046396
4173,VIRTUAL,short,1787834086,1787842051,0.7325335500000001,-2.422017165800395,0.0,3.9369283111200004,10.0,0.008281463695416935,0.003093987981847235,-0.02721179118690209,-0.02720362715028668,0.6399362253715869,0.018263424833676805,,,,,,,,0.042910685370158186,-2.422017165800395,39.369283111200005,-6.1520479277189715,-2.721179118690209,-2.871179118690209,0.05105689850046396
4155,BNB,long,1787791486,1787849245,708.4885765680938,7.976982665753638,0.0,18.626431300530278,10.0,-0.00520626117355516,-0.010569791547477503,0.006085381718913041,0.013245033112582627,0.8769072110571186,0.0069665403916924,1.1116430817890508,0.0013,1.9361402095257496,2.4376,0.7722,,,0.042910685370158186,7.976982665753638,186.26431300530277,4.28261460128787,0.6085381718913041,0.4585381718913041,0.6871776407970759
4165,XRP,long,1787826932,1787854437,1.4249120999999998,1.9466341094589392,0.0,15.770912873678999,10.0,-0.0002892108221971279,0.024835145971460415,-0.0043596373418400836,-0.0018217488789237235,0.6138033132107256,0.01313865505909351,-2.8784583248504245,-0.00102416,4.433097585358747,2.5149,1.0633,,,0.042910685370158186,1.9466341094589392,157.70912873678998,1.2343192338014821,-0.43596373418400836,-0.5859637341840084,-1.7526993528111505
4202,XPL,short,1787856192,1787858592,0.08719638,-2.4924464803665303,0.0,1.9977305392479003,10.0,0.0197671050105519,0.029629899773362167,-0.05064866224951081,0.02832628114715563,0.361803931451613,0.023714942556756862,,,12.458698061254347,0.7637,0.7141,,,0.042910685370158186,-2.4924464803665303,19.977305392479003,-12.476389740254353,-5.064866224951081,-5.2148662249510815,0.05105689850046396
4195,SOL,long,1787854223,1787869077,108.64834545206028,10.64781398852731,0.0,24.46236857268964,10.0,0.003144590435484096,0.005169471708039275,-0.04508439987447044,0.11717861205915803,0.9746380146411747,0.014062405980506077,-2.432278077791292,0.00051506,,,,,,0.042910685370158186,10.64781398852731,244.6236857268964,4.352732220875283,-4.508439987447044,-4.658439987447045,-1.4798679611100385
4172,UNI,long,1787831600,1787869631,4.4472225,8.329627094031826,0.0,11.80307304897486,10.0,0.010518362865811204,0.018838162471070508,0.038400934515869345,0.038730751283247766,0.8286411992263053,0.012688497467480278,,,2.132979432981741,1.4938,0.8033,,,0.042910685370158186,8.329627094031826,118.03073048974859,7.057168128562321,3.8400934515869345,3.6900934515869346,0.05105689850046396
4229,UNI,long,1787871837,1787881954,4.678338,1.8037453638978111,0.0,16.82863675332,10.0,0.005699032434167917,-0.005416025947676428,-0.05222752182505841,0.06889448386358432,0.9738843930635837,0.01540534877373731,,,8.569084774048097,1.6123,0.9875,,,0.042910685370158186,1.8037453638978111,168.2863675332,1.0718309452736647,-5.222752182505841,-5.372752182505842,0.05105689850046396
4260,ASTER,short,1787887544,1787896214,0.6991502500000001,-1.8714385494235215,0.0,16.555738089950005,10.0,-0.0046488576668607395,-0.001788242226903436,-0.007938565422811572,-0.019649122807017583,0.6062264420331245,0.009164185891577475,,,-1.8787353710108534,1.9976,0.7863,,,-0.0012282057778401079,-1.8714385494235215,165.55738089950006,-1.1303866606584936,-0.7938565422811572,-0.9438565422811572,-0.4207480349809922
4225,BNB,long,1787870199,1787909835,712.626135,-0.43264892285828166,0.0,4.1955863698125,10.0,-0.0015802605948489479,-0.007333628032039519,-0.03161003209628277,0.010793921317994615,0.9047086232420428,0.005873646895807826,-0.08807054877359116,0.0012,1.632064255634158,2.3887,1.0145,,,0.042910685370158186,-0.43264892285828166,41.955863698125,-1.0312001344346455,-3.161003209628277,-3.311003209628277,-0.046426192242667044
4265,UNI,long,1787891564,1787915449,4.653325499999999,-0.2108937877935725,0.0,2.0736323592806247,10.0,-0.005442451855130148,-0.009740453359645684,-0.05529926930750906,0.06407900780891129,0.8882224538415718,0.017852056249112284,,,8.749297591042682,1.6178,1.1544,,,-0.0012282057778401079,-0.2108937877935725,20.736323592806247,-1.0170259296432607,-5.529926930750905,-5.679926930750906,-0.4207480349809922
4264,XPL,short,1787891554,1787927670,0.08800597500000001,3.5028855816281235,0.0,12.4167082290523,10.0,-0.020180163903644188,-0.024384423898491048,-0.052677957377325946,0.036239557595011185,0.3822070312500004,0.024251600124715545,,,6.632937509519521,0.7778,0.911,,,-0.0012282057778401079,3.5028855816281235,124.16708229052301,2.821106461559723,-5.267795737732595,-5.417795737732595,-0.4207480349809922
4259,VIRTUAL,short,1787887537,1787929046,0.71694135,-1.4049777386672508,0.0,8.284526152256252,10.0,-0.010379300900973276,-0.00493952538795539,-0.04580758244729499,-0.036992198009147104,0.5860399239543728,0.016299400621423623,,,,,,,,-0.0012282057778401079,-1.4049777386672508,82.84526152256251,-1.6959059731914927,-4.580758244729499,-4.7307582447295,-0.4207480349809922
4287,BNB,long,1787930866,1787932549,704.2119299999999,-1.456007769948084,0.0,15.7673051127,10.0,-0.016205249462331595,-0.02145934960232765,-0.02046533065692313,-0.013748597081930325,0.8348481768813029,0.006653841103933413,-1.7416573059473845,-5.065e-05,-1.906362252847038,2.4118,0.9787,,,-0.0012282057778401079,-1.456007769948084,157.673051127,-0.92343476551064,-2.046533065692313,-2.196533065692313,-1.5293704113197564
4290,SOL,long,1787932642,1787939433,105.622785,-1.4956107554208062,0.0,3.8053248865875,10.0,-0.006275019163715423,-0.020760530031469937,-0.004097458706471269,-0.01177020084072855,0.8638860534934496,0.012720469627565952,-0.9769577308404371,-0.0011356,,,,,,-0.0012282057778401079,-1.4956107554208062,38.053248865875,-3.9303102888595265,-0.40974587064712686,-0.5597458706471269,-1.0617700397550627
4299,VIRTUAL,short,1787940078,1787955655,0.68555705,-1.6125162169625613,0.0,14.852600343820502,10.0,0.001229584029512898,0.0147951946522904,0.021942666915904407,-0.049868402825876235,0.4775563428966471,0.01635791757124474,,,,,,,,-0.0012282057778401079,-1.6125162169625613,148.526003438205,-1.0856793959540267,2.1942666915904407,2.044266691590441,-0.4207480349809922
4328,VIRTUAL,short,1787986114,1788019906,0.6828584000000001,-1.8434163430938828,0.0,14.237153782040002,10.0,-0.0036001607361059174,-0.005650366166690013,0.021148747675945545,-0.04166666666666663,0.4682281368821296,0.014989512153199379,,,,,,,,-0.005458047537013178,-1.8434163430938828,142.37153782040002,-1.294792745316364,2.1148747675945545,1.9648747675945546,-0.4659612281065798
4330,SOL,long,1788012982,1788092123,104.01198,2.1334964114666457,0.0,14.222598145200001,10.0,0.008537670372201545,0.010268240254632355,0.02584336919650987,-0.018459220192126646,0.8199230349344977,0.004656057064635395,-1.8102288769865706,5.149e-05,,,,,,-0.005458047537013178,2.1334964114666457,142.225981452,1.500075014203141,2.584336919650987,2.434336919650987,-1.6165139168719125
4338,VIRTUAL,long,1788106877,1788125018,0.70465215,-2.7140232513847975,0.0,14.880329707630503,10.0,0.001061303793651991,-0.008446933710483995,-0.035836334282099425,0.01969587255611871,0.5435608365019012,0.007845816447975686,,,,,,,,-0.015134481331762983,-2.7140232513847975,148.80329707630503,-1.8238999435564052,-3.5836334282099425,-3.7336334282099424,-0.5693935773144889
4337,BNB,long,1788106684,1788134517,702.521085,-1.7100119886598424,0.0,1.8423615454125,10.0,-0.0040156588325030995,-0.006435515027993777,-0.01967355186214792,0.0151887747721684,0.821730682699767,0.0034162675701043333,0.3705437626058485,0.00063511,0.06821065420554717,2.4329,1.1666,0.0121307447279987,,-0.015134481331762983,-1.7100119886598424,18.423615454125,-9.281630920476987,-1.967355186214792,-2.117355186214792,-0.38644206421215493
4341,BNB,long,1788144782,1788209885,683.56161,1.5011616548381408,0.0,6.605119125108001,10.0,0.0012265024655202517,0.004883817275812108,0.012491032081219489,-0.017410071942446037,0.6710714509803919,0.0052665333268203844,-2.0069996011011884,-0.00188338,-2.068402648101686,2.4843,1.0919,0.02710255395975355,,-0.004083778920960013,1.5011616548381408,66.05119125108001,2.2727245737806356,1.2491032081219489,1.099103208121949,-1.7221460698940867
4385,VIRTUAL,long,1788217744,1788250008,0.6947472,3.049191964945983,0.0,10.731317097070091,10.0,0.011878853200127937,-0.002226997100527983,-0.022666086311682765,0.03876085004489682,0.5093231939163498,0.010785012365443325,,,,,,,,-0.004083778920960013,3.049191964945983,107.31317097070091,2.8413958299475524,-2.2666086311682765,-2.4166086311682764,-0.45127153617914634
4379,SOL,long,1788206647,1788271468,103.77185999999999,-2.4363020213463695,0.0,14.4305148516,10.0,-0.00396889869758521,-0.003776168221326981,-0.034998505375156475,-0.01864823930329418,0.8133695414847159,0.00852144034313073,1.2309327145342077,-0.00020949,,,,0.062103939520416956,,-0.004083778920960013,-2.4363020213463695,144.305148516,-1.6882987519161465,-3.4998505375156475,-3.6498505375156474,0.2577927232989027
4388,XRP,long,1788222713,1788287534,1.3852923,-3.8268063823843432,0.0,14.379431044461,10.0,-0.005336274517659612,-0.003242853511854382,-0.03255074759312515,0.022908660951818094,0.558180963077355,0.008822274238749905,1.02159645686305,0.00048388,0.6430678107278709,2.3311,0.8473,-0.08546453859012297,,-0.03501927100402369,-3.8268063823843432,143.79431044461,-2.6613058406496832,-3.255074759312515,-3.405074759312515,-0.20088523175289855
4428,BNB,long,1788250081,1788314885,690.08487,-1.3558141006494349,0.0,14.139838986300001,10.0,-0.005919373366351288,-0.005194824804665044,-0.010411574448806582,0.004378283712784592,0.7189275396825399,0.003591690727216552,-2.0178587399443386,-0.00092965,0.3876958477936787,2.4317,0.8933,0.011136017733559891,,-0.03501927100402369,-1.3558141006494349,141.398389863,-0.9588610605559756,-1.0411574448806582,-1.1911574448806581,-2.0594587495721095
4465,VIRTUAL,long,1788271529,1788336524,0.6953474999999999,1.1222769132897037,0.0,9.5804943782625,10.0,0.0002193148030302794,-0.029693786200424843,-0.022071697963967463,0.03252153252153267,0.511398202557898,0.01476137573556493,,,,,,,,-0.03501927100402369,1.1222769132897037,95.804943782625,1.1714185813167166,-2.2071697963967463,-2.357169796396746,-0.7819440430059946
4546,VIRTUAL,long,1788336761,1788345041,0.69964965,-5.9180229388970105,0.0,12.877695485928001,10.0,-0.004501753127440278,-0.03308748885960289,-0.0180799776002174,0.010772766446423443,0.5262690978223298,0.011168855318209218,,,,,,,,-0.00466004465607861,-5.9180229388970105,128.77695485928,-4.595560553022769,-1.80799776002174,-1.95799776002174,-0.457431297100952
4496,SOL,long,1788289445,1788354290,99.76986,-2.3947506132737164,0.0,12.993028867799998,10.0,0.003709938051431605,0.0011039406089172754,-0.006012437022563599,-0.04003849855630426,0.7041446506550217,0.00889905170616801,-0.024365822746449956,-0.00106022,,2.0184,1.0836,0.012787642474055358,,-0.03501927100402369,-2.3947506132737164,129.93028867799998,-1.8431042042925898,-0.6012437022563599,-0.75124370225636,-0.8404728116461584
4521,XRP,long,1788314925,1788379928,1.3355674499999999,0.9327439752297493,0.0,8.97178786860825,10.0,0.014400283564862448,0.006388707661301618,0.01709576704643423,-0.02696203454055246,0.4883721044503719,0.011273966625304385,0.9433551112857025,0.0011,-2.4770890587006766,2.5499,1.0195,0.033113645626356866,,-0.00466004465607861,0.9327439752297493,89.71787868608249,1.0396411382990507,1.709576704643423,1.559576704643423,0.07578430427645841
4553,BNB,long,1788345071,1788410151,683.8517549999999,1.5482136056954774,0.0,5.977958501507999,10.0,0.0016790846723790942,0.0034338509520972504,0.030632728287726785,-0.004228638086905767,0.6694583730158723,0.0046689317085354945,1.2970541536277866,0.00094494,-2.4080025272813055,2.3411,0.9968,0.053528678233509173,,-0.00466004465607861,1.5482136056954774,59.77958501507999,2.5898701125224024,3.0632728287726785,2.9132728287726786,0.29206506211276867
4590,XPL,long,1788393683,1788422746,0.083151555,5.871089751417235,0.0,8.814572262372097,10.0,0.013691205173493204,0.025717438477248056,0.1558412828238751,0.019970595442293737,0.24657657773217054,0.015513840961843689,,,2.2202752500293688,0.7784,0.7626,,,0.04197752131026822,5.871089751417235,88.14572262372097,6.660663247926293,15.58412828238751,15.43412828238751,0.041082216405994576
4554,ETH,long,1788358908,1788423835,2409.3840899999996,-0.43121439808709466,0.0,12.384234222599998,10.0,-0.006044735690107217,-0.007422681204805159,0.020215087416801447,-0.020079535823717243,0.7879791437184757,0.008094540519215062,0.6208299078009409,0.00055426,-2.9183542463056544,2.7397,1.0593,-0.0068013976729200745,,-0.00466004465607861,-0.43121439808709466,123.84234222599999,-0.3481962552841347,2.0215087416801447,1.8715087416801448,-0.12143419812346903
4602,VIRTUAL,long,1788514975,1788525138,0.68744355,-32.35691661251924,0.0,280.39039634227,3.0,-0.009082273009907493,-0.028283849633908065,-0.006318409707967931,0.005999414691249649,0.4840772554441756,0.01259324181184457,1.014157587295193,0.00056788,,,,,,0.02925906678146384,-32.35691661251924,841.17118902681,-3.8466506027095932,-0.6318409707967931,-0.7818409707967932,0.48164348247329924
4612,VIRTUAL,long,1788566419,1788615248,0.65942955,40.4855149237426,0.0,153.7419111183235,3.0,0.014058287196865749,0.01860767385992923,0.04681387117092339,-0.051724137931034364,0.387243518838576,0.01409226678248974,0.5233869029854497,0.0003418,,,,,,0.014323209885025001,40.4855149237426,461.22573335497043,8.777809214860953,4.681387117092339,4.531387117092339,0.02189498263520207
4614,SOL,long,1788566491,1788654640,101.87090999999998,11.00747695430525,0.0,184.53915346499997,4.0,-0.0007942404755192367,-0.0004015866747434371,0.014421094304547077,-0.01795366795366793,0.7614877183406108,0.007558585664936125,-0.6202354717347602,-0.00104912,-4.759510548383594,2.1172,0.7899,-0.11945096110665121,-1.0,0.014323209885025001,11.00747695430525,738.1566138599999,1.4912115867585993,1.4421094304547077,1.2921094304547078,-0.677410031721683
4625,VIRTUAL,long,1788680939,1788698431,0.6789392999999999,21.0582788565803,0.0,275.21558148123,3.0,0.0025933098879384886,0.031020004291989034,0.06769485873037562,-0.00909357582868875,0.43917276928546006,0.009941978612815589,0.24849643839237484,0.0006,,,,,,0.036159700825673546,21.0582788565803,825.6467444436901,2.550519213973174,6.769485873037562,6.619485873037561,0.08721667902724256
4624,BTC,long,1788680722,1788713261,79830.59534999999,-2.127033630521342,0.0,164.451026421,5.0,-0.00016529189018499313,0.0016986551259636773,-0.0050807005537381045,0.0020456471917871255,0.8713069397311437,0.0025920065817400693,1.7002079575912705,0.00017512,-0.5328632870482908,1.0738,0.8167,-0.009014651922864565,-0.3509270635877759,0.036159700825673546,-2.127033630521342,822.255132105,-0.25868292546573307,-0.5080700553738104,-0.6580700553738105,0.9749127990194804
4627,VIRTUAL,long,1788733971,1788839237,0.7241618999999999,8.281985864941696,0.0,276.0623442577,3.0,0.010133231256712172,-0.007680464824233235,0.025875567328245364,0.04944178628389162,0.5999356558833981,0.015170246164171711,0.5153024478068272,0.0006,,,,,,0.036159700825673546,8.281985864941696,828.1870327730999,1.0000139506181727,2.5875567328245364,2.4375567328245364,0.2503638719891884
4632,UNI,long,1788847031,1788851700,7.0629492660999995,-2.4499769746988704,0.0,275.3328323555965,3.0,-0.0031076629992726756,0.001423022242031502,-0.02321257875756033,0.004696171908353364,0.9109976651715037,0.019022810131458276,-0.1282906248162633,0.00065911,-0.572442872231782,1.3849,1.0268,-0.006049552519287263,,-0.03785108129296311,-2.4499769746988704,825.9984970667895,-0.296607921612328,-2.321257875756033,-2.471257875756033,-0.9342905022057912
4631,XRP,long,1788842429,1788869355,1.3971518484000003,-5.741506564810731,0.0,206.5628231753995,4.0,-0.006192489678132129,-0.004045264232712231,0.02487070509894318,-0.0081086848282238,0.5681617687152435,0.007862935083466404,0.0712901360302631,0.00012059,-0.7317046319396336,2.3278,0.964,-0.05718865546615613,,-0.03785108129296311,-5.741506564810731,826.251292701598,-0.6948862429053149,2.487070509894318,2.337070509894318,-0.8122503691039149
4638,VIRTUAL,long,1788912777,1788967362,0.7237405551200001,-41.88470105950671,0.0,273.66746123976674,3.0,-0.02478865526200269,-0.02686122116892664,-0.09691394882295978,-0.028806030421321793,0.5984378070387492,0.014024362636852755,0.593400505605142,0.0006,,,,,,-0.020881192608120602,-41.88470105950671,821.0023837193003,-5.101654013446451,-9.691394882295977,-9.841394882295978,-0.31159623652196156
4640,ASTER,long,1788916869,1788984277,0.75219757143,-16.695705420689734,0.0,272.0263344200976,3.0,-0.0033203662506537945,0.003991542493672284,-0.049318919442233766,-0.036228160328879766,0.5966925465892053,0.01122425472180992,0.3292717656191956,0.0006,-0.45438168116538336,2.0609,,,,-0.020881192608120602,-16.695705420689734,816.0790032602929,-2.0458442569885045,-4.931891944223377,-5.081891944223377,-0.47310632620792725
4650,XRP,long,1789142136,1789185995,1.37548805379,-8.271427570882206,0.0,197.45134450875585,4.0,-0.0011545384095662525,-0.009369804233841594,-0.003626388303595962,0.016877637130801704,0.2745494186496503,0.015558114038893156,0.8140707612899108,0.00042716,2.706571397768398,2.3069,0.8393,-0.026185712464163055,0.000903410451917164,-0.038594217347956206,-8.271427570882206,789.8053780350234,-1.0472741514448658,-0.3626388303595962,-0.5126388303595962,-0.36599650487242025
4652,ETH,long,1789150081,1789237624,2550.7971731999996,-8.150224539807345,0.0,157.027073982192,5.0,-0.004491604946239791,-0.012367574157385208,-0.010513251889156416,0.033547262628072616,0.6196505259826559,0.01428376994564879,-1.3382311088892698,2.254e-05,6.77465773093926,2.201,1.0273,0.04138684439579776,0.951449392897119,-0.038594217347956206,-8.150224539807345,785.13536991096,-1.0380661542138447,-1.0513251889156416,-1.2013251889156416,-1.6820913308364829
4653,SOL,long,1789168762,1789252622,102.40603017800001,-8.4260083206575,0.0,195.13213035342457,4.0,-0.0032813514733062155,-0.007675623951379995,-0.007382672452841743,0.03138560904228482,0.5697970727844786,0.015840306028104812,1.7435969669684626,0.00075192,-1.3077253769847585,2.0544,1.2811,0.07659525246818119,0.07974457435017344,-0.038594217347956206,-8.4260083206575,780.5285214136983,-1.0795259993057345,-0.7382672452841743,-0.8882672452841743,0.2023924589812908
4654,UNI,long,1789236673,1789312791,6.3271963732000005,-12.374962416624973,0.0,260.3447273549689,3.0,-0.004456377127700861,0.00044310728395835497,0.003920160737393985,0.0377078873703276,0.6625598698780489,0.016538582172997054,-2.7663233066200537,-0.00197849,5.191747601366914,1.4337,1.0176,0.02199510015851638,0.9408907157420991,-0.023680700001896704,-12.374962416624973,781.0341820649066,-1.5844328840906696,0.3920160737393985,0.2420160737393985,-2.3959326016442564
4656,UNI,long,1789318126,1789337884,6.292129932,-20.266666647134574,0.0,259.1680079327988,3.0,0.005065068322559263,-0.002086722960570886,0.01873293610809701,-0.008820286659316445,0.651868881707317,0.012725647664109385,-2.0274277626623833,-0.00086022,-6.20275688171602,1.4207,1.0478,0.02767542178114532,-0.9838225769933499,-0.021241027903554754,-20.266666647134574,777.5040237983964,-2.6066317378171715,1.873293610809701,1.723293610809701,-1.9180330481609562
4658,BTC,long,1789318185,1789339010,77350.7230308,-6.979968319102134,0.0,154.7014460616,5.0,-0.0008160625825677226,-0.0008716535302862871,0.018817884463994128,-0.0013662756128206555,0.22714369128906717,0.0029936925815428972,0.9109301280236675,0.00104707,0.7312543918347236,1.6518,1.4176,0.09346662859759551,-0.9478566130028324,-0.021241027903554754,-6.979968319102134,773.507230308,-0.9023791951269553,1.8817884463994128,1.7317884463994129,-0.12127875902369621
4655,XPL,short,1789301925,1789341843,0.08120584780000001,31.35399241557824,0.0,193.9013541350751,3.0,-0.002042313509348137,0.0018982893988084282,0.01692183798615532,-0.02024584237165583,0.1207248774407982,0.009614015577265931,0.001833718738675461,-0.00024415,0.0,1.0929,,,0.4161773151892355,-0.021241027903554754,31.35399241557824,581.7040624052254,5.390024660638607,1.692183798615532,1.542183798615532,-0.6771752608758643
4667,ASTER,long,1789350376,1789352330,0.6926256447800001,4.221585751433802,0.0,258.2320578062358,3.0,0.004005562371114824,0.008336906471076544,-0.0006145380021775892,-0.0015827338129495994,0.14357399989754166,0.0073220340737447315,0.12889587284191253,0.00043265,0.0,2.0609,,,,0.007000228338032599,4.221585751433802,774.6961734187073,0.5449343750859246,-0.061453800217758925,-0.21145380021775892,-0.2976054274143213
4666,UNI,long,1789350365,1789360413,6.1669127412,25.743055671987392,0.0,193.73202203192585,3.0,0.03471546749311427,0.030661575205490177,0.08092983957202615,-0.030861281687923126,0.613692908902439,0.01293770767221672,1.2068635734008406,0.0011,-5.688358246482805,1.3764,0.8912,-0.045070543092406774,0.9898515094457484,0.007000228338032599,25.743055671987392,581.1960660957775,4.429323798579376,8.092983957202616,7.942983957202616,0.36155290577240545
4669,XPL,short,1789352344,1789388417,0.079748378997,-31.480181563925264,0.0,259.20493610375047,3.0,0.003782158418685011,0.007293201571180186,0.04478612666389559,-0.001623985009369,0.12859703378274268,0.015602645846036827,1.0403392251974712,0.00048932,0.0,1.0929,,,1.0,0.007000228338032599,-31.480181563925264,777.6148083112514,-4.048300164485149,4.478612666389559,4.328612666389558,0.2597261889423694
4670,XRP,long,1789353086,1789391186,1.36631778553,11.619972588698056,0.0,195.6957494186175,4.0,0.0040124007226278735,0.014332108296756019,0.04141219200191526,-0.005265467310223704,0.2554075734014208,0.008108341665386461,0.17706583105978319,-0.00037191,3.333978402263438,2.391,1.0395,-0.11958258748903654,0.15726225516462755,0.007000228338032599,11.619972588698056,782.78299767447,1.4844436610426182,4.141219200191526,3.991219200191526,-0.26815034322942166
4657,BNB,long,1789318158,1789406965,722.2976474400001,3.48883788824075,0.0,194.29806716136005,4.0,-0.0024887903849215576,-0.0002736371088851719,0.0023568574064078973,-0.015846994535519188,0.4534115469426162,0.0039061854644389525,-0.08415666560099991,0.00055036,-2.4201249847513817,2.4614,1.3026,0.08554911820844809,,-0.021241027903554754,3.48883788824075,777.1922686454402,0.44890280423419643,0.23568574064078973,0.08568574064078974,-0.7297568719779753
4674,XPL,short,1789398066,1789408086,0.080786535389,-22.73079515126416,0.0,258.2088149419025,3.0,0.011059573315006288,0.04757555937376323,0.006355819178623934,0.006723107569721165,0.168587649807396,0.011520660976891106,0.661752810334701,0.00055,0.0,1.0929,,,,0.007000228338032599,-22.73079515126416,774.6264448257075,-2.934420236115052,0.6355819178623934,0.48558191786239335,0.028227239522371925
4672,UNI,long,1789367949,1789413875,6.2951396468,45.74233266059695,0.0,147.13594485912986,3.0,0.008397010418485396,0.0014074911276200641,0.05128724243061389,-0.008064516129032251,0.6527864776829269,0.014954848093117791,0.17441527129961445,0.0004,-3.751689414922932,1.3872,0.8933,0.11376513621141736,-0.9458023389941987,0.007000228338032599,45.74233266059695,441.4078345773896,10.362827543464727,5.128724243061389,4.9787242430613885,-0.2697711140119031
4673,ASTER,long,1789393410,1789417517,0.69513007653,13.874845126443923,0.0,261.1379633928542,3.0,-0.0033520007386697026,0.009307500406682045,-0.005941444154764386,-0.004859919954259495,0.15640408058401667,0.007172347239817826,0.39556484799357206,0.00055609,0.0,2.0609,,,,0.007000228338032599,13.874845126443923,783.4138901785626,1.7710746899421765,-0.5941444154764386,-0.7441444154764386,-0.13454202849945604
4671,SOL,long,1789353099,1789423276,101.14898951900001,15.08211869255989,0.0,193.22491467814572,4.0,-0.002857067780649758,0.003371368143385345,0.007820250946267704,-0.011682701747496527,0.40006274692454086,0.007457174983878885,-1.2219526972524104,-0.00079653,-2.7615804756251583,2.367,0.9931,-0.0887286166093805,0.9109394852809363,0.007000228338032599,15.08211869255989,772.8996587125829,1.9513682691595617,0.7820250946267704,0.6320250946267704,-1.1236256239279656
4668,BTC,long,1789350380,1789429929,76895.67174292,12.798958901722683,0.0,153.79134348584003,5.0,0.01069537775584517,0.011153140841883014,0.013106436737420069,-0.001970544053886636,0.1557474179302131,0.003945791470925321,-1.1608536677036316,0.00014262,0.6827298408365268,1.6267,1.0745,0.1376439287744018,0.7577273226451856,0.007000228338032599,12.798958901722683,768.9567174292001,1.664457649126541,1.3106436737420069,1.160643673742007,-1.0862646394978963
4675,UNI,long,1789423593,1789471521,6.56664168,17.992067417668228,0.0,264.562769981352,3.0,-0.002534275632959493,0.003709402947047913,-0.047153734753500376,0.07273618829682893,0.7355614878048781,0.015446034117788394,0.9392543490463229,0.0012,2.009363071020487,1.3742,1.2246,0.09907041043795427,-0.7677774216253549,0.007000228338032599,17.992067417668228,793.6883099440561,2.2668933373777946,-4.715373475350038,-4.865373475350038,0.19791456096907348
4680,ETH,long,1789444900,1789497489,2502.6632338279996,-28.095623138313382,0.0,157.46757067245773,5.0,-0.007313502504291525,-0.01238809657205786,-0.040326334148294785,-0.0063822506585177186,0.46731829175264145,0.007375571422902853,-1.7253082806460802,-0.00073544,-0.6256784118070291,2.8715,0.6773,0.019458377917867534,0.9989684816568896,-0.014268135933287351,-28.095623138313382,787.3378533622886,-3.5684329183885124,-4.032633414829478,-4.182633414829478,-1.6587583606932472
4676,ASTER,long,1789431180,1789497971,0.7033960765999999,-38.65663730288784,0.0,263.636577508886,3.0,-0.015917172376221145,-0.019044855445814357,-0.030560415838406962,0.02932121389825526,0.1987503924180325,0.006752952082075962,-0.8372395310888272,0.0001744,0.0,2.0609,,,,-0.014268135933287351,-38.65663730288784,790.909732526658,-4.8876168433778755,-3.0560415838406962,-3.206041583840696,-1.1157199037804286
4679,VIRTUAL,long,1789441799,1789498166,0.60899105892,-38.4507999085785,0.0,262.60005046070455,3.0,-0.0037620567435966423,-0.003597850720313933,-0.030856050585249428,-0.01752975233193954,0.038817650860633365,0.011799375673031411,-0.330859758386918,-0.00080799,,,,,,-0.014268135933287351,-38.4507999085785,787.8001513821137,-4.880780974860256,-3.085605058524943,-3.2356050585249427,-0.8060775585036675
4677,BNB,long,1789431223,1789522607,720.96845544,-9.44148954244305,0.0,197.67152627026198,4.0,-0.0031464004047382366,-0.0017593771689022875,-0.009804111936750681,0.0071428571428571175,0.44090738889934106,0.005666980649272398,-3.2630970731123248,-0.00059672,0.24668426588856374,2.1696,0.9001,-0.06306045680300813,1.0,-0.014268135933287351,-9.44148954244305,790.6861050810479,-1.1940882079210517,-0.9804111936750681,-1.130411193675068,-2.5990892228421796
4683,XRP,long,1789505579,1789535798,1.28974075068,2.4970702614040823,0.0,191.69561873191293,4.0,-0.003598204272876826,-0.00204750503433182,0.004232826881775731,-0.12132074171089824,0.11495492823218992,0.024296134141061233,0.8340294273105194,0.00112651,-12.34001344220108,2.3784,0.9297,0.05445910469329065,0.8802716593248483,-0.014268135933287351,2.4970702614040823,766.7824749276517,0.32565562503755563,0.4232826881775731,0.27328268817757306,-0.09376826241489185
4681,SOL,long,1789460830,1789536056,100.449944542,-25.84150098007804,0.0,194.29781647897707,4.0,0.0031862183643733832,0.004181739073279234,-0.03792878691343615,-0.012124199112863554,0.3376756546284224,0.007061086171024705,-1.654437665182998,-0.00087954,-2.7649594017243984,2.059,1.1088,0.12372651487621628,0.8596989997536065,-0.014268135933287351,-25.84150098007804,777.1912659159083,-3.324986025109819,-3.792878691343615,-3.942878691343615,-1.6154222229440909
4684,ASTER,long,1789510023,1789536069,0.6757263759,1.775769272463777,0.0,254.17634580442498,3.0,0.012244044919780483,0.0015888444469405183,0.027190923360847385,-0.04057313094055892,0.07871059009008971,0.013551554569623637,-1.621836912647644,-0.00129438,0.0,2.0609,,,,-0.014268135933287351,1.775769272463777,762.529037413275,0.23287890497753552,2.7190923360847385,2.5690923360847386,-1.5954874348324484
4682,BTC,long,1789497562,1789540765,76424.12601060001,-6.429119233635661,0.0,154.37673454141205,5.0,-0.006820176269045297,-0.009836239546864523,-0.010456462537617672,-0.03345503325128618,0.10134756400767846,0.006843388695442327,1.9384119856806943,0.00076685,-0.6247141051301086,1.7495,0.8819,-0.07177069287455486,0.2312468237961254,-0.014268135933287351,-6.429119233635661,771.8836727070602,-0.8329129713403842,-1.0456462537617672,-1.1956462537617671,0.5815422928070572
4688,SOL,long,1789540787,1789560658,97.07634831000001,5.293813845452881,0.0,190.71376698111828,4.0,-0.00583405041351015,0.0016858039352425358,0.026923671270098204,-0.03858361436222957,0.09291878753351317,0.011007536306980694,0.9006590514909464,-0.00058744,-0.9838944978559416,2.3727,1.1222,0.08937525956507356,-0.4262398889922856,-0.019472876416845475,5.293813845452881,762.8550679244731,0.6939475226737299,2.6923671270098204,2.5423671270098205,-0.10865939755523203
4685,BNB,long,1789526269,1789569511,716.039540268,-5.179129184002409,0.0,191.5584780101967,4.0,-0.0031276768139952837,-0.004663904826750276,0.011396660761144206,-0.01067369004713048,0.3945394192662276,0.008289645964931844,-0.8052743350643942,2.735e-05,-1.4870979935103001,2.4258,1.0549,0.014791211749258293,-1.0,-0.019472876416845475,-5.179129184002409,766.2339120407868,-0.6759201208164124,1.1396660761144206,0.9896660761144206,-1.151807728461957
4689,XRP,long,1789545811,1789577100,1.28655124178,-13.093801642713672,0.0,190.12303665811456,4.0,-0.00042846469079405036,0.0011260789099978297,0.01130833949518495,-0.07661261261261265,0.10092894362357062,0.013230276431025546,1.0327667835362897,0.00110613,-11.06065350966664,2.5448,0.9504,-0.033590450010241545,0.9848865611335238,-0.019472876416845475,-13.093801642713672,760.4921466324582,-1.7217536960367634,1.130833949518495,0.9808339495184949,-0.027877837578123055
4691,DOT,long,1789571071,1789579327,0.9827008343099999,-11.405264227749443,0.0,364.93208032288567,3.0,-0.0053941485800425015,-0.007225835230908029,0.059020165308727,-0.003956579080856226,0.37109468074260527,0.011840545850237609,-1.8229502989863544,-0.00272449,0.0,2.4953,,0.1794230592077839,,-0.019472876416845475,-11.405264227749443,1094.796240968657,-1.0417704958192275,5.9020165308727,5.7520165308727,-1.7740987226681644
4686,ETH,long,1789536100,1789579465,2405.4196708950003,-5.522288118119579,0.0,152.93658267550413,5.0,-0.004132198225227812,-0.0011639012222589562,0.013532079037537947,-0.03380933226065974,0.15956601966896736,0.00861506929273038,0.33887376543547537,-0.00044516,-3.327921144841439,3.2955,1.0638,0.25116547884645823,0.9874914105746144,-0.019472876416845475,-5.522288118119579,764.6829133775207,-0.7221670605569356,1.3532079037537947,1.2032079037537948,-0.45218124201601567
4687,ASTER,long,1789536576,1789580274,0.6782320723000002,-0.9914817664316833,0.0,254.79114870037643,3.0,-0.0028486890828506306,-0.011105449900736253,0.0758854230019872,-0.016973741476860593,0.09125161311311375,0.011763777848951818,0.8127578533334413,-5.133e-05,0.0,2.0609,,,,-0.019472876416845475,-0.9914817664316833,764.3734461011293,-0.12971169674835967,7.58854230019872,7.438542300198719,-0.16240943777682199
4693,SOL,long,1789577292,1789582391,97.438559634,5.632762539140458,0.0,187.59115097136768,4.0,-0.010555981511462087,0.009456629587517806,0.03911634552395471,-0.0158987341772151,0.11719568592493315,0.0064069678023840485,2.1394587771497746,0.00052295,-1.3917061692187982,2.3223,1.0391,0.01553685349659399,0.7089898882604185,-0.019472876416845475,5.632762539140458,750.3646038854707,0.7506700755837086,3.911634552395471,3.761634552395471,0.6488448967701517
4692,BNB,long,1789573149,1789582479,713.1969588509999,2.376704859722621,0.0,106.81907451190852,4.0,-0.0002761633354650961,0.00911815602730126,0.019353757721061626,-0.010022271714921982,0.36779829587017737,0.004917495529976815,-0.7550517508201493,-0.00070428,-1.009419140182266,2.4674,1.1015,-0.014500867264677806,1.0,-0.019472876416845475,2.376704859722621,427.2762980476341,0.5562454249352391,1.9353757721061626,1.7853757721061627,-1.1210974994805118
4694,SOL,long,1789584236,1789586677,98.70186792,-11.872853135666304,0.0,170.941765050648,4.0,-0.003868902666659957,-0.012987271132892664,0.023587517937218916,0.0032613126783529456,0.20186782305630027,0.008018374809988828,1.337027817551085,0.00031538,-3.1986780226912592,2.2895,0.9777,-0.07272719801352873,-0.027538786600242643,-0.019472876416845475,-11.872853135666304,683.767060202592,-1.7363885783191308,2.3587517937218916,2.2087517937218917,0.15817244568256617
4695,XRP,long,1789585380,1789589667,1.2910789402,8.600586267391387,0.0,170.66672451885933,4.0,0.013106138806182388,0.0051283152360726,0.0025723135097266425,-0.006090040086339843,0.16630083486238503,0.0112032543200225,0.2895134606838338,0.00031808,-8.228366571857515,2.4072,1.2052,0.11074729909479064,-0.22367893729814886,-0.019472876416845475,8.600586267391387,682.6668980754373,1.2598510769510007,0.25723135097266425,0.10723135097266426,-0.4823642022186366
4696,ASTER,long,1789586479,1789591305,0.6851624794,3.786803557889825,0.0,226.89511789820287,3.0,0.007060399168728804,0.022239280547504015,0.08295480606260419,0.012263593380614779,0.12593833533533505,0.009559776252978491,1.3183868953642839,0.0006,0.0,2.0609,,-0.09030673408557999,,-0.019472876416845475,3.786803557889825,680.6853536946086,0.5563221740170988,8.29548060626042,8.145480606260419,0.14677384886807515
4699,XRP,long,1789591479,1789596301,1.3029064451999999,-11.877415259479353,0.0,170.85220680938832,4.0,-0.008294106794706213,-0.006605574200439834,-0.003765769382809925,0.013028305544784846,0.21562320767305998,0.012505009245200389,-0.14051816499237527,-3.73e-06,-5.100389628173585,2.3829,0.8859,-0.05174883953461479,-0.23290840484160868,-0.019472876416845475,-11.877415259479353,683.4088272375533,-1.737966322075433,-0.3765769382809925,-0.5265769382809925,-0.7453209953130256
4690,BTC,long,1789562188,1789605441,76118.6949894,3.044582039306443,0.0,152.2373899788,5.0,-0.00700215616510802,-0.005232551470508939,0.009357819530395162,-0.012239619177221162,0.16298694976213038,0.004415941633425571,0.974550446541897,0.00085283,0.05935561578485071,1.8161,0.7556,-0.11304210339900117,-0.5471799387637601,-0.019472876416845475,3.044582039306443,761.186949894,0.3999782234483158,0.9357819530395162,0.7857819530395161,-0.06347610609541142
4697,BNB,long,1789586500,1789606173,716.80077608,8.507095943120566,0.0,170.02514408617603,4.0,0.0037656542934585424,0.010462075614665611,0.018135058378548896,-0.0044599303135889334,0.40170062163687664,0.005769684441933,0.39959637037799645,0.00014365,-0.17092266161364833,2.4807,1.1426,0.05130410226727429,-0.6243518211482918,-0.019472876416845475,8.507095943120566,680.1005763447041,1.2508585110812793,1.8135058378548896,1.6635058378548897,-0.4150504346273389
4700,SOL,long,1789596565,1789606841,97.73128691999999,6.124222418229481,0.0,170.02311985472397,4.0,0.006637721659503271,0.011344505070393529,0.03221806628390622,0.013023255813953583,0.13681547721179557,0.009625518248668192,0.7967953682254907,0.00019165,1.5287164262358877,2.0093,1.2292,0.17285972013666626,-0.6540249179863308,-0.019472876416845475,6.124222418229481,680.0924794188959,0.9004984768339614,3.221806628390622,3.0718066283906222,-0.17217021731763665
4698,ETH,long,1789591385,1789609217,2411.1333206719996,5.742679396010059,0.0,136.66303661568895,5.0,-0.003124389932075644,0.004751574386109736,0.01671690195744402,0.0009510756707367118,0.17764833429963803,0.00847526755356054,1.5061680225453455,0.00080022,-0.6638136799319017,3.1169,1.0272,-0.08457751755999013,0.22773037877957478,-0.019472876416845475,5.742679396010059,683.3151830784448,0.8404144292738185,1.671690195744402,1.521690195744402,0.2615987130383229
4701,XRP,long,1789603895,1789628386,1.3024297,-2.1452621853480496,0.0,171.1762190227375,4.0,0.0012056696802906774,-0.0050134759672633145,-0.0076239815477181505,0.008932038834951417,0.2136351125938279,0.013233508331170814,0.4505050821698756,0.00049351,-5.684322053740287,2.5174,1.121,0.09188534758374048,0.9064397267509582,-0.009876613562276537,-2.1452621853480496,684.70487609095,-0.3133119480024109,-0.762398154771815,-0.9123981547718151,-0.2813452565195246
4704,BTC,long,1789628751,1789632083,76722.88939812,-3.86454727647601,0.0,136.5667431286536,5.0,-0.0032635553755112623,-0.004626903403988525,0.014038973379779884,0.008857837774349342,0.2451120562892468,0.006112163668777963,-0.13784930914800975,0.00072687,1.45997984484183,1.4888,0.8339,-0.12528457710969795,0.14828916219181254,-0.009876613562276537,-3.86454727647601,682.833715643268,-0.5659573023331732,1.4038973379779884,1.2538973379779885,-0.6411136426252528
4703,ETH,long,1789625539,1789632102,2446.0501800899997,-2.0851288800530137,0.0,136.7831260706328,5.0,0.0005804541221423598,-0.005723586623020305,0.015220382726829795,0.015605303556644579,0.28815171874802104,0.008604542551276882,0.34393245878045703,0.00052522,0.28214839502178624,3.0552,0.8989,-0.006933638560198845,-0.9982721522842046,-0.009876613562276537,-2.0851288800530137,683.9156303531639,-0.30488100980764016,1.5220382726829795,1.3720382726829796,-0.3465125456324378
4705,UNI,long,1789631811,1789635272,6.8088111396,21.696520762291154,0.0,227.82168592915943,3.0,0.0223517523514305,0.01750509126428801,0.28245589736139776,0.09200385356454732,0.7977389646069234,0.025911802781907717,0.4674552269796828,0.00100785,4.690183633023359,1.5157,1.4916,0.13051415878203176,1.0,-0.009876613562276537,21.696520762291154,683.4650577874783,3.174488661136153,28.245589736139777,28.09558973613978,-0.2709805404020444
4706,XRP,long,1789632166,1789646462,1.30325213808,-2.7431687324825185,0.0,170.78972653672866,4.0,0.001801540815777214,0.006789063805439088,0.022442212880685597,0.0110566067118274,0.2170647959966633,0.009991488362806158,0.15341433417301803,7.025e-05,0.391903889758205,2.5224,0.9661,-0.09272670718813902,-0.9311711759906917,-0.009876613562276537,-2.7431687324825185,683.1589061469147,-0.40154182398854577,2.2442212880685597,2.09422128806856,-0.4630110357012833
4709,XRP,long,1789652536,1789655569,1.2939789051000001,9.75818282781267,0.0,171.08477961564688,4.0,0.004421320067468759,0.00449860108001543,0.05179458075850185,0.01773244409572383,0.17839409966638883,0.007772261833252709,0.640247080075647,0.0002587,0.4922052518284481,2.5411,0.9261,-0.03299854509431389,0.5284469946436219,-0.009876613562276537,9.75818282781267,684.3391184625875,1.4259279594793681,5.179458075850185,5.029458075850185,-0.16532135430961725
4710,SOL,long,1789652683,1789656287,99.931440956,8.616384405699076,0.0,171.03765776824181,4.0,0.013294705162762321,0.015996557526913424,0.0862447189948432,0.03193900679991746,0.3514035589063797,0.008062670546990735,-0.3361523361472164,-0.00031337,5.44954980675989,1.9674,1.0395,0.035894878185965214,0.26404565175016076,-0.009876613562276537,8.616384405699076,684.1506310729673,1.2594279701512263,8.62447189948432,8.47447189948432,-0.7623724639006069
4711,XRP,long,1789656018,1789669216,1.312514414,-8.11698155777408,0.0,172.1843034236524,4.0,-0.003972843227000311,-0.0117441864527974,0.06642638364198561,0.03379233934789494,0.255689799833194,0.008718271602049724,0.2939347830967895,0.0001425,0.5206147987363519,2.5562,0.933,-0.05097233305144467,0.042426018254368064,-0.009876613562276537,-8.11698155777408,688.7372136946096,-1.1785309979450596,6.642638364198561,6.4926383641985606,-0.3770852469756866
4708,BTC,long,1789635701,1789678939,76771.34936919,-2.0364402249490494,0.0,136.65300187715818,5.0,-0.005756696642971404,-0.004329080730257062,0.020549992201168044,0.011154618447403841,0.2516989763748793,0.0042915005196783595,0.8292604396869058,0.00091131,1.7672248890838516,1.4832,1.2998,0.11337857571633274,-0.9627244605187567,-0.009876613562276537,-2.0364402249490494,683.2650093857909,-0.29804544312603853,2.0549992201168044,1.9049992201168044,-0.04974300163097891
4707,BNB,long,1789635343,1789679090,728.190128382,2.9526042649043185,0.0,171.54338949358967,4.0,-0.005754168065022047,-0.0013597113492872515,0.035993170734457625,0.02470704503741361,0.5088441051928505,0.00487510041901822,1.5260510108639467,0.0012,3.021915436196454,2.5511,1.3025,0.11167750812770176,,-0.009876613562276537,2.9526042649043185,686.1735579743587,0.43029991910802445,3.5993170734457625,3.4493170734457625,0.37633220566803405
4717,XRP,long,1789694724,1789702723,1.30283220422,5.217657810643374,0.0,171.81089921909722,4.0,0.0023547128863281586,0.012793509191752594,0.0728933438031314,-0.002378030070573911,0.2153136122602165,0.00804839967245976,1.7090096125770753,0.00059747,8.707363558647252,2.5753,1.1868,0.07874619523578617,-0.006941075924514353,0.05638637847048966,5.217657810643374,687.2435968763889,0.759215194489742,7.289334380313139,7.139334380313139,1.1964997963338995
4718,XRP,long,1789704764,1789705126,1.32320343084,-12.115808325098493,0.0,172.84238959073033,4.0,-0.0017407987209780984,0.007025804908999067,0.07398451884140966,0.017516783702446137,0.30026451559633,0.007433259358668941,1.962992913096083,0.0012,9.86726902590882,2.5907,1.0072,0.01908250169722459,-0.8798716834913265,0.05638637847048966,-12.115808325098493,691.3695583629213,-1.7524358974941343,7.398451884140966,7.248451884140966,1.3518061278135602
4720,XPL,long,1789706726,1789718815,0.08822358177,9.734171793933426,0.0,229.87358254356027,3.0,-0.009221817496834595,0.015601477545859943,0.013221161582861907,0.0704208368503556,0.4550686352080123,0.013901369076420934,-4.326916378196428,0.00021872,0.0,1.0929,,-0.026335008074024335,-0.4530012415978079,0.05638637847048966,9.734171793933426,689.6207476306809,1.411525367729577,1.3221161582861907,1.1721161582861908,-2.4943630312385565
4722,UNI,long,1789719688,1789721322,8.81741432,9.715377507491036,0.0,231.21582266144264,3.0,0.024336576711981195,-0.01116135824271891,0.06176251452364556,0.26913651434337615,0.9896911529099355,0.031244987476101736,-3.565203162585603,-0.00366784,42.037285403320965,1.9507,0.9638,0.06020462438929565,-0.6645533323955649,0.05638637847048966,9.715377507491036,693.6474679843279,1.400621779204785,6.176251452364556,6.026251452364556,-2.0285887661024136
4719,ASTER,long,1789706252,1789723935,0.7467692844199999,5.536704895402874,0.0,229.82232961900982,3.0,0.0009785024575128531,0.010620034521317656,0.033116942670195604,0.02581446714522362,0.4342807028028022,0.008445905567797259,-2.850479848546272,-2.309e-05,0.0,2.0609,,-0.29420072921044876,,0.05638637847048966,5.536704895402874,689.4669888570295,0.803041332636012,3.3116942670195604,3.1616942670195605,-1.591548001219027
4721,XRP,long,1789708359,1789738884,1.3266200635999998,6.33833644470464,0.0,172.59045120672485,4.0,-0.004537895788839008,0.004507648093134309,0.07468599271077703,0.019956850053937547,0.31451235863219246,0.007085676040879076,1.4453346648813232,0.00103061,9.998862250084596,2.5971,0.9128,-0.03634137816036852,-0.8524927296433351,0.05638637847048966,6.33833644470464,690.3618048268994,0.9181180651055729,7.468599271077703,7.318599271077702,1.035267192670439
4723,SOL,long,1789735251,1789738909,106.24984255599999,6.994915732802136,0.0,173.6202114746957,4.0,0.021648572728827142,0.05101332212462584,0.05289567785512572,0.04777954004758134,0.8994755158432696,0.007912616767137157,1.1788764206180502,0.0013,8.423470660841303,1.8035,0.9976,-0.009925903187772646,-0.1255375411299663,0.05638637847048966,6.994915732802136,694.4808458987828,1.0072150692290815,5.289567785512572,5.139567785512572,0.872332651996009
4725,ASTER,long,1789746880,1789750138,0.75418951803,-12.386267526902436,0.0,232.30643578997402,3.0,-0.014438702434428241,-0.00011869434387501432,0.009825755719009122,0.008561872909699009,0.4714190091591591,0.00956561387001236,0.4369896042579157,0.00049318,0.0,2.0609,,-0.16580170831636584,,0.05638637847048966,-12.386267526902436,696.9193073699221,-1.7772886180534317,0.9825755719009122,0.8325755719009121,0.41868188209669255
4727,SOL,long,1789750467,1789759381,111.93152093,10.269178211745954,0.0,173.863231460569,4.0,0.002398601106902598,0.014906248536044053,0.0010584960252089104,0.10291358024691366,0.9760529405048081,0.01169082147458523,0.41716006017736346,0.0012,14.787468990728758,1.5075,1.1191,-0.015091693154202735,-0.9462850084705373,0.05638637847048966,10.269178211745954,695.452925842276,1.476617299338954,0.10584960252089104,-0.044150397479108955,0.406556463851589
4726,ETH,long,1789750435,1789766283,2599.4845762200002,9.568572433988214,0.0,139.07242482777002,5.0,0.0013446603268878476,0.013285489014218,0.019798318578537977,0.051612746428383316,0.7737343383125521,0.009333168887929264,0.6746505932839691,0.0012,5.219525500107536,2.269,1.0783,-0.03054732270476256,-0.9068361582502168,0.05638637847048966,9.568572433988214,695.36212413885,1.376056029200342,1.9798318578537977,1.8298318578537978,0.5640074065151847
4729,UNI,long,1789756101,1789767822,8.876567397,11.34325927480629,0.0,229.204805613736,3.0,0.008385291258550698,-0.014709221612413836,-0.026650774609107586,0.16890115667718208,0.883094449594679,0.029153804923869066,-0.05715205422488469,0.0005341,23.945036396027163,2.0102,1.1122,-0.024548752455125486,-0.8542185641524832,0.05638637847048966,11.34325927480629,687.614416841208,1.6496540789408445,-2.6650774609107586,-2.8150774609107585,0.11652292891584833
4728,ASTER,long,1789751996,1789775085,0.7487818959,23.861436105132608,0.0,173.7568606540613,3.0,0.0029622832925653153,0.013379201814112784,0.01605020656322731,0.003903095558546399,0.44435383333333317,0.009739628031593188,-0.5833765705680408,0.00011353,0.0,2.0609,,0.14731956992569156,,0.05638637847048966,23.861436105132608,521.270581962184,4.5775527971121255,1.605020656322731,1.455020656322731,-0.20525412887066602
4724,BNB,long,1789744641,1789787875,760.97602901,1.0580194071099405,0.0,174.41570584909203,4.0,-0.0027281135421584057,0.006076368786564146,0.011069955778973961,0.043974165177957936,0.8172721449670749,0.007771973740066399,0.4734201292692457,0.00119658,8.919620016344009,2.3389,1.0594,-0.0045405527182934705,-0.9332693589195764,0.05638637847048966,1.0580194071099405,697.6628233963681,0.15165196877759393,1.106995577897396,0.9569955778973961,0.4409585088742246
4734,UNI,long,1789808914,1789809558,9.285376461,-12.807620310440528,0.0,234.64858195809015,3.0,-0.009733203751037478,-0.029333916846993047,-0.05744263178130282,0.02054642381163929,0.9670052536512028,0.021793100549781008,0.061016434077924626,0.00081675,8.413395520594058,2.0084,0.8473,-0.03725778667175316,-0.9442728133558785,0.03468394388301688,-12.807620310440528,703.9457458742704,-1.8194044619921685,-5.744263178130282,-5.8942631781302826,-0.043198564391293756
4735,UNI,long,1789811571,1789814146,9.313431985000001,-14.685548037218322,0.0,233.800671178646,3.0,-0.023668180038789566,-0.03161369358515809,-0.05598709324766715,0.004358247984310282,0.9718520477471422,0.022325665958956523,0.061016434077924626,0.00081675,8.413395520594058,2.0084,0.8473,-0.03725778667175316,-0.9442728133558785,0.03468394388301688,-14.685548037218322,701.4020135359381,-2.0937419274268834,-5.598709324766715,-5.748709324766716,-0.043198564391293756
4736,UNI,long,1789821486,1789823229,9.161130569000001,-12.810623863518163,0.0,233.71418251104353,3.0,-0.015514522790554985,-0.03428949807384862,-0.06048713800402572,0.05865986552283786,0.937711403048644,0.020287577112595444,-0.11024585856137746,0.00064715,9.894441799923936,1.9994,0.8922,0.06232271654556332,0.7320941869021339,0.03468394388301688,-12.810623863518163,701.1425475331306,-1.8271068998152378,-6.048713800402572,-6.198713800402572,-0.14792245110452892
4740,UNI,long,1789834451,1789838593,8.923660598000001,-12.232321492673753,0.0,232.4753389795036,3.0,-0.011392252863447805,-0.030218607603749392,-0.014978225194933859,0.014808064699852075,0.8844789504595385,0.021107609460108583,0.7055616099446084,0.0012,4.565507153208137,2.0395,0.8828,-0.010810521726637727,0.6688917204341053,0.03468394388301688,-12.232321492673753,697.4260169385108,-1.753923885198597,-1.4978225194933859,-1.6478225194933858,0.350929500454749
4733,ASTER,long,1789808208,1789852934,0.759503114,2.869177156158879,0.0,234.5526884108542,3.0,0.0009175551583056052,0.0042091808987632096,-0.035685323075581254,-0.0002650059626342349,0.49801358358358366,0.014323274293476358,0.7991845350799134,0.0006,0.0,2.0609,,-0.07483746431185255,,0.03468394388301688,2.869177156158879,703.6580652325625,0.4077516194190997,-3.5685323075581254,-3.7185323075581254,0.4081782763209048
4738,SOL,long,1789833319,1789855429,111.8213028,-7.659492949380661,0.0,105.0281586549,4.0,0.002045202428101245,-0.006629352202467853,-0.02925473696054992,0.0022431583669806354,0.8714912371690976,0.006630476956208134,-2.2360679774966834,0.0011,-2.307193173678157,1.6185,1.0077,0.007702611631364367,-0.33505894347745085,0.03468394388301688,-7.659492949380661,420.1126346196,-1.823199855990076,-2.925473696054992,-3.075473696054992,-1.4478253738380389
4737,ETH,long,1789833308,1789871643,2649.08273472,-6.2101117097013745,0.0,82.75734463265282,5.0,0.0007048723905549448,-0.005738867465612363,-0.01531199240717096,0.021491260246574218,0.9307004706627007,0.005519161064352206,-2.2252401909036355,0.0011,4.898260159405354,2.2248,1.1298,0.15314442896895114,-0.9019158742926462,0.03468394388301688,-6.2101117097013745,413.78672316326407,-1.5008001373816693,-1.531199240717096,-1.681199240717096,-1.4412043723376469
4741,UNI,long,1789855697,1789871798,8.497031232000001,22.199524689060187,0.0,172.91522286041217,3.0,0.019767935813560955,0.03577352603521633,0.035655837871821916,-0.04677310546435809,0.7888435848464472,0.016863032554958385,0.6086598612861948,0.0012,-1.8852875167647776,1.7933,1.3885,0.1702793824984217,0.7541964979699425,0.03468394388301688,22.199524689060187,518.7456685812365,4.279462178407317,3.5655837871821916,3.4155837871821917,0.2916757815395714
4739,BTC,long,1789833323,1789872302,81791.87229,-7.069568922161192,0.0,78.52019739840001,5.0,-0.00031142813199935837,-0.005129755295396166,-0.008271876789923027,0.010168237892981713,0.934113400842734,0.0029192561789616878,-0.36355277136883896,0.0011,-1.1398556126358428,0.9395,1.1696,0.019932037332289574,-0.9944956817646513,0.03468394388301688,-7.069568922161192,392.60098699200006,-1.800700751245245,-0.8271876789923027,-0.9771876789923027,-0.3028151833675345
4744,ETH,long,1789878729,1789922954,2589.00856039,6.406684302286589,0.0,82.38225239160981,5.0,-0.004831409436558909,-0.006241215512847176,0.030834753052332298,-0.013447259915395748,0.7405802911260212,0.006338057728095669,-3.250211245438307,0.00050066,-2.3572119792182877,2.2206,0.8777,0.09048447407733226,0.9954469691590602,0.07573655398878132,6.406684302286589,411.91126195804907,1.5553554597735362,3.0834753052332298,2.93347530523323,-1.6291408135042076
4747,UNI,long,1789929041,1789929552,8.801015689599998,-12.416299801725888,0.0,231.82080683439153,3.0,-0.006705554413422465,-0.005455698670863263,-0.008523526402599346,0.016560509554140124,0.8503438164672761,0.016921748202830465,-0.9660021220721733,-0.00054087,-2.2300603969669486,1.642,0.779,-0.10317831376353692,-0.777754255255793,0.07573655398878132,-12.416299801725888,695.4624205031746,-1.7853300819248523,-0.8523526402599346,-1.0023526402599345,-0.23238701686702617
4749,UNI,long,1789931400,1789938173,8.7559233856,-12.245682638741627,0.0,230.57060610534336,3.0,-0.008442671588649753,0.0020645012072317837,0.0028639600069184645,0.012996054769087939,0.839766217593244,0.01608706890798024,-1.1638863382131759,-0.00080564,-3.452989507145121,1.6469,0.7332,-0.10928627179302566,-0.8890359362114335,0.07573655398878132,-12.245682638741627,691.7118183160301,-1.7703445733446768,0.28639600069184645,0.13639600069184646,-0.353389742651698
4750,UNI,long,1789945444,1789945499,8.766054122399998,-13.57392327651166,0.0,230.36898031863117,3.0,0.006952487031110843,0.0003360551462343597,0.026459553450315587,-0.0003462204270050506,0.8419201603006807,0.017274428073815358,0.43753873394394793,0.00042625,-1.6837729747598784,1.649,0.8697,-0.0063392668871158535,0.4894570888819174,0.07573655398878132,-13.57392327651166,691.1069409558935,-1.9640843510755523,2.6459553450315587,2.495955345031559,0.6258535878666437
4746,ETH,long,1789925366,1789954074,2625.0835491519997,7.283883937058686,0.0,82.11261341747455,5.0,0.00016626169789568657,-0.000229916168647204,0.04638193359115461,-0.0036737748414457094,0.8547488738274565,0.0059467495008900355,0.4752255884078359,0.00082025,-1.8371575528236095,2.367,0.9944,0.005940129962894358,-0.7528912721409948,0.07573655398878132,7.283883937058686,410.56306708737276,1.7741205970454688,4.638193359115461,4.488193359115461,0.6488984380588959
4753,XRP,long,1789952275,1789955749,1.42864378536,-6.669951882085856,0.0,120.04997305054519,4.0,-0.010110137676034081,-0.008430222763307738,0.060446288658470015,0.01724506520344904,0.7399657437864885,0.00876455607740829,0.5685801581885869,0.0012,-1.7830344504788265,2.2154,1.0067,-0.08235516534600094,-0.658402060066107,0.14479316772649753,-6.669951882085856,480.19989220218076,-1.3889948728429902,6.0446288658470015,5.894628865847001,1.444136031734187
4745,BTC,long,1789917267,1789960492,80895.46895190999,1.1634380278055472,0.0,51.77310012922239,5.0,0.001815071350625308,0.001756971681250885,0.06150568273543011,-0.010982816909347326,0.8122698045276588,0.0038239824943316868,-0.7737290429944331,0.0005201,-0.27052305715649094,0.9798,1.2937,0.10473792613367111,-0.961300995683638,0.07573655398878132,1.1634380278055472,258.86550064611197,0.4494372656463218,6.150568273543011,6.000568273543011,-0.11481540293476389
4755,UNI,long,1789956144,1789967291,8.597715984,10.641517769969711,0.0,228.81646070231523,3.0,0.019922037005962068,0.007942111152202891,0.06109576275577511,-0.015566412907624172,0.8020042325253002,0.020271164412740877,-1.9292269886298306,-0.00158338,-5.787802291681388,1.745,0.9711,-0.030713738953947203,0.6073567308805845,0.14479316772649753,10.641517769969711,686.4493821069457,1.5502261415557383,6.109576275577511,5.95957627557751,-0.08322920811950626
4748,BNB,long,1789929536,1789972756,771.4591778559999,0.8669943177154908,0.0,103.1633785587936,4.0,-0.0026691987276924456,0.003682401124444734,0.036477396279356755,0.008394543546694555,0.9158906665663208,0.005527558471903589,1.1026549539364472,0.0011,-0.6379971600135592,2.2206,1.1017,-0.01420294794498781,-1.0,0.07573655398878132,0.8669943177154908,412.6535142351744,0.21010224990387072,3.6477396279356755,3.4977396279356756,1.0325604852239505
4757,UNI,long,1789973162,1789975962,8.651827483200002,-1.8305536329087626,0.0,33.06036317880385,3.0,-0.0026384579725299284,0.030186976948759048,0.02810649163684631,-0.008472635676665896,0.7968062682498713,0.018394132043418398,1.4238035700171225,0.0009783,-1.143724624370468,1.7115,0.9156,-0.02094566972569621,0.8197138135849018,0.14479316772649753,-1.8305536329087626,99.18108953641155,-1.8456680012944668,2.810649163684631,2.660649163684631,1.9670901409814947
4754,ETH,long,1789955804,1789987250,2653.5477555840002,8.32414198077959,0.0,80.4024969941952,5.0,0.001983097686833135,0.004059563048500303,0.0333825702701569,0.014473011439517292,0.8416671522765081,0.0089125963345608,1.0781802029671728,0.0011,2.5842793029278166,2.2744,0.8171,-0.038731010580166196,-0.6458188523563663,0.14479316772649753,8.32414198077959,402.012484970976,2.070617777301261,3.3382570270156897,3.18825702701569,1.7557475168779122
4756,SOL,long,1789964590,1789999282,111.50977094400001,5.491738112886482,0.0,22.545184956431456,4.0,0.004127253173456191,0.03748755844991636,0.04484117412913613,0.022132427220130424,0.8546607749324694,0.009851795221811807,0.21615311725118888,0.0011,-2.6413111347177165,1.784,1.0007,-0.010970035900976238,0.18656791602140319,0.14479316772649753,5.491738112886482,90.18073982572582,6.089701773903452,4.484117412913613,4.334117412913613,1.2286330804363188
4761,ASTER,long,1789999546,1790004745,0.75406377025,-2.358026357589221,0.0,27.03763513970698,3.0,-0.007378381603130757,-0.020639859470824362,-0.045173593526057654,0.0405554028045092,0.470789640890891,0.013043610731295792,0.6038601832788161,0.0006,1.0015701702139612,1.2517,,0.008625285900923993,,0.14479316772649753,-2.358026357589221,81.11290541912093,-2.9070914737981486,-4.517359352605766,-4.667359352605766,1.4657091479984345
4758,BNB,long,1789973195,1790007983,775.3075564080001,3.3815428805583796,0.0,20.27913800704109,4.0,-0.008006572819642899,0.01172753124466519,0.014823076980242877,0.02863993605967763,0.925961174821593,0.00795997474862854,0.650531627170124,0.0012,6.97643946078319,2.075,0.9392,-0.06228151157717117,,0.14479316772649753,3.3815428805583796,81.11655202816436,4.168745830547974,1.4823076980242877,1.3323076980242878,1.4942479169679141
4763,UNI,long,1790008407,1790012069,8.9796541137,-1.7619808097749103,0.0,33.06877356091541,3.0,-0.023124956826921506,-0.01677727357784875,0.022199728828737886,0.014326321773735051,0.8814285270263295,0.023712335545721358,-3.0614307675855206,-0.00315659,4.805767431418695,1.5628,0.8703,-0.07125586211956211,0.49252779565543425,0.14479316772649753,-1.7619808097749103,99.20632068274622,-1.776077166907119,2.2199728828737886,2.0699728828737887,-0.7755519515349047
4760,VIRTUAL,long,1789987505,1790013350,0.70495814445,-1.556156788272933,0.0,33.06838812730394,3.0,0.004173092506499332,0.0074356975534903835,0.007293845160142753,0.09912718204488802,0.7100665084884996,0.01763022603032419,0.32202517061335006,0.0006,,,,0.14012526251151308,,0.14479316772649753,-1.556156788272933,99.20516438191183,-1.5686247767123993,0.7293845160142753,0.5793845160142753,1.2933719832708601
4759,BTC,long,1789976168,1790022438,81668.41734323,7.027298567097126,0.0,17.15033558860957,5.0,0.02539271268175125,0.03828508937095498,0.04403884357957555,0.014686253318259013,0.9173327909786592,0.005193562135744765,0.3507945545038824,0.00109177,1.6787558057486107,0.8734,1.0882,-0.13903666166675135,-0.8953201429839156,0.14479316772649753,7.027298567097126,85.75167794304784,8.194940012444214,4.403884357957555,4.2538843579575545,1.3109639566873732
4762,XRP,long,1790004898,1790029403,1.4916534163199997,5.551549347888751,0.0,24.800761101799473,4.0,-0.0019799614895034123,0.007874874653510222,0.05379707028592051,0.07019562715765248,0.9330749566162195,0.013398363230394521,0.0,0.0012,17.728853237750887,2.2776,1.0712,0.005809633127724038,-0.013082840110488589,0.14479316772649753,5.551549347888751,99.2030444071979,5.596148163660536,5.379707028592051,5.229707028592051,1.096459242197443
4767,ASTER,long,1790036787,1790038961,0.7456707951,-1.4462880400752582,0.0,27.05698792421471,3.0,-0.014712652248273561,-0.02208856134400594,-0.018333553077087728,-0.0036159100040177306,0.4287827582582582,0.013784328816569793,0.004531004212549096,0.00055,0.0,1.2517,,-0.16026029569758588,,0.1266603967816915,-1.4462880400752582,81.17096377264413,-1.781780051455641,-1.8333553077087728,-1.9833553077087727,0.9054069059648795
4766,UNI,long,1790036567,1790038988,9.168313539,-1.9247965654618902,0.0,33.0371010064326,3.0,-0.003633551455051287,-0.026756669910609987,0.12877902309706335,0.01836734693877551,0.9290095827432466,0.020185983799984073,1.1679049146136873,0.0011,7.8459983605196015,1.5419,0.8666,-0.07886358504269778,-0.9678444977782003,0.1266603967816915,-1.9247965654618902,99.1113030192978,-1.9420555545386347,12.877902309706336,12.727902309706336,1.6167896377993556
4769,VIRTUAL,long,1790039904,1790046694,0.7202171757,-1.783841928807897,0.0,33.060441110266574,3.0,0.004696950328506366,-0.016268947888686047,0.03579868013414278,0.052516411378555894,0.7936318493975902,0.016423617524915158,0.33036931759771015,0.00055,,,,-0.07765860433099565,,0.1266603967816915,-1.783841928807897,99.18132333079973,-1.7985663720761664,3.579868013414278,3.429868013414278,1.1046513169318999
4764,SOL,long,1790013562,1790056806,117.25315848100001,-0.4839209645197616,0.0,36.07879686460371,4.0,0.0029580569384506372,0.016774315886072255,0.004919624566816827,0.06449262160684999,0.9322593376999576,0.012104456141500837,1.615321294118089,0.0013,6.633472511593985,1.6724,0.85,-0.1042287321789912,-0.27750656771234206,0.14479316772649753,-0.4839209645197616,144.31518745841484,-0.3353222713716156,0.4919624566816827,0.3419624566816827,2.0841998686000984
4765,ETH,long,1790014174,1790057434,2752.7450643820002,-1.5554548139569184,0.0,33.032940772584006,5.0,0.004484590955309287,0.006250101340881775,-0.0039179306945452685,0.03867091032552006,0.9608993413910574,0.00988857073541804,0.36666413383394547,0.0012,5.723428374237982,2.2595,1.1,0.020846897003460818,-0.9490266789952178,0.14479316772649753,-1.5554548139569184,165.16470386292002,-0.941759817671385,-0.39179306945452685,-0.5417930694545269,1.3206679259752796
4772,UNI,long,1790057356,1790059804,9.005971557,-1.531068789561536,0.0,33.07322974687491,3.0,-0.0200946178715542,-0.023425740983605503,0.15134718496202315,0.03865681975536561,0.8864336629950171,0.02465031102918017,1.020144504568799,0.0012,3.0050136325512566,1.5107,0.7584,-0.11932815393772449,0.764440757638601,0.1266603967816915,-1.531068789561536,99.21968924062472,-1.5431098416851843,15.134718496202314,14.984718496202314,1.5264367398918623
4768,XRP,long,1790038997,1790067868,1.5128869767,1.9429222539345539,0.0,33.08218605297565,4.0,0.003776239327845543,-0.007989345460798991,0.049847096618212294,0.06003358522250202,0.8089241938176196,0.015920365933912297,-1.6153212941191144,0.0011,15.103366470254077,2.2394,0.8944,0.050612588884734605,0.2537092824729935,0.1266603967816915,1.9429222539345539,132.3287442119026,1.468254131410244,4.984709661821229,4.834709661821229,-0.0851043500062994
4775,UNI,long,1790068047,1790081395,8.798583747999999,4.984030439706888,0.0,18.031817533071056,3.0,-0.0004073096423971023,0.03039310185128241,0.16586945056148839,-0.03004106332396783,0.8320439937057431,0.024435750816018686,0.8668472815045917,0.0012,-1.08972736672589,1.5208,0.8665,0.005062417995148385,1.0,0.1266603967816915,4.984030439706888,54.09545259921317,9.213400018358257,16.58694505614884,16.43694505614884,1.4326981779806254
4773,VIRTUAL,long,1790058049,1790083555,0.7129017654,2.087187553275223,0.0,33.069659352315966,3.0,0.0026626874727051497,0.000698882544806656,0.060314389284580106,0.035735122520420104,0.7535693614457833,0.016992924274059733,-1.1167691238179283,-0.00030143,,,,-0.0009803043385596035,,0.1266603967816915,2.087187553275223,99.2089780569479,2.1038293047199184,6.0314389284580106,5.88143892845801,0.21975155375775818
4777,XRP,long,1790083603,1790086040,1.54816761799,1.6636508716392309,0.0,30.043431161190338,4.0,-0.0019168583269122408,0.013004006656681222,0.018494368230730585,0.039886616724033264,0.9179833631839256,0.010726966940894976,1.311651671567838,0.0013,2.6637774105686463,2.2841,1.1721,0.06502321939631922,-0.6587364849347125,0.1266603967816915,1.6636508716392309,120.17372464476135,1.3843715642142687,1.8494368230730585,1.6994368230730585,1.704688257271689
4770,BTC,long,1790042772,1790086183,85699.1297646,0.6051529128611653,0.0,25.709738929380002,5.0,-0.001643304488468389,-0.0046981779827397485,0.009578513080060302,0.05100186622139269,0.8722008062626423,0.006916973055115325,0.6283533803352226,0.0012,7.284951221022684,0.846,1.1324,0.06441476023386301,0.953581066890009,0.1266603967816915,0.6051529128611653,128.5486946469,0.47075772688583956,0.9578513080060302,0.8078513080060302,1.2868633424020735
4776,ETH,long,1790081815,1790087763,2757.94976754,-2.734650444717786,0.0,30.061652466185997,5.0,-0.0005474238718083946,-0.005264696156141779,-0.014499817223164735,0.005876555827280416,0.8960576285115484,0.006504055060747944,-0.48581832890280485,0.00054125,-2.880466578889307,2.4722,1.1214,0.08353377453195383,0.7742116189138104,0.1266603967816915,-2.734650444717786,150.30826233092998,-1.8193613593223332,-1.4499817223164735,-1.5999817223164734,0.6055668932001643
4771,BNB,long,1790046943,1790090162,792.2188510499999,-0.5201550721957262,0.0,27.03446829208125,4.0,-0.00519913284636031,-0.009743331706597691,0.005403997827526874,0.017912371134020555,0.8801478513725483,0.008367096314087935,0.9612330449505299,0.0012,0.7424779033207596,2.126,1.1018,0.05993726241997118,1.0,0.1266603967816915,-0.5201550721957262,108.137873168325,-0.48101100655647666,0.5403997827526874,0.3903997827526874,1.4904134160877809
4778,VIRTUAL,long,1790091337,1790094066,0.7316412411,-1.7627494289823287,0.0,33.06964756080986,3.0,-0.007573713438664198,0.0029505702777967713,-0.044887082978843806,0.029420084865629414,0.8561951867469876,0.017875661859777323,0.5389041891009154,0.0006,,,,-0.046761638339997115,,0.1266603967816915,-1.7627494289823287,99.20894268242958,-1.776804974754076,-4.488708297884381,-4.638708297884381,1.2321667315775233
4780,XRP,long,1790094022,1790105881,1.55484408528,2.268003572927665,0.0,33.07324402239941,4.0,0.008654189090333553,0.011805630476893869,-0.03385811206306244,0.04609070111694247,0.8785997837962964,0.015784770560089575,0.34503277967115725,0.0012,5.529141548457961,2.1939,0.9702,0.04298043935207586,-0.1882584373221589,0.1266603967816915,2.268003572927665,132.29297608959763,1.7143794326553072,-3.385811206306244,-3.535811206306244,1.113617766681803
4779,UNI,long,1790093813,1790111228,9.1911768176,2.105407576496223,0.0,36.07107979323179,3.0,-0.009376037400888881,0.016083161637902244,-0.005676837540551816,0.022643201434816795,0.8670177085603115,0.03302857018158171,-0.17116901535648496,0.00058337,19.88107604046774,1.5426,0.9241,-0.05090901126940035,0.24473408455326975,0.1266603967816915,2.105407576496223,108.21323937969537,1.9456099720930005,-0.5676837540551816,-0.7176837540551816,0.7979694271054018
4783,XRP,long,1790126715,1790139624,1.5992689449000002,2.860316443386163,0.0,30.063297516571936,4.0,-0.004295053012756123,0.0055844610304480735,-0.0639473086913438,0.04921389879772753,0.9813051731040318,0.01718642406792496,-0.9007475612419206,0.0007,5.0542356391860555,2.2798,1.1854,0.057760574485393006,0.06986230305458667,0.04264607947117871,2.860316443386163,120.25319006628774,2.378578432563375,-6.39473086913438,-6.54473086913438,-0.5461923232546922
4781,BTC,long,1790094739,1790141608,86244.83142828,0.6559970029782602,0.06485977431652501,25.873449428484,5.0,0.003908275616496537,-0.0005024234793250537,-0.02683443622015269,0.002602243024139028,0.9163549986471391,0.005667171906072263,-2.218510782898524,0.00017191,-0.36280688513553594,0.9186,0.8121,-0.1483016577971471,-0.045566712728360124,0.1266603967816915,0.5911372286617352,129.36724714242,0.45694504731244223,-2.683443622015269,-2.833443622015269,-0.45394413788995736
4774,SOL,long,1790064124,1790143126,116.56620291199998,1.9119775711854392,0.0670898214801395,33.0669176110616,4.0,0.0035498890558562923,0.0034641008964224618,0.012815010274699778,0.027351332274571982,0.8562839586546344,0.009706317467359957,-0.5827222315453104,0.00021465,6.213724780159358,1.6546,1.3675,0.06270538880620322,0.5059972238029088,0.1266603967816915,1.8448877497052998,132.2676704442464,1.3948138222355393,1.2815010274699778,1.131501027469978,0.5463118571615116
4782,ETH,long,1790095080,1790143371,2739.9671653879996,0.7424255871230374,0.07528632437691,30.030040132652477,5.0,0.005022992532850878,0.00332589190378485,-0.02973654809343751,-0.0096516433487982,0.8559644283153469,0.007104881804080365,-1.5582925592555565,-6.862e-05,-3.1497746641748203,2.4542,0.8943,-0.03626046550091418,0.5548994135114989,0.1266603967816915,0.6671392627461274,150.15020066326238,0.44431459951379076,-2.973654809343751,-3.123654809343751,-0.05023227935249451
4785,UNI,long,1790139813,1790150745,10.459075298699998,-1.5219059365334766,0.0531187356991442,36.07613979196262,3.0,-0.008612166575681313,-0.019224959468930436,-0.1080473432331498,0.18066043051955383,0.9094985507527285,0.028935909580885606,0.5522968841525374,0.0011,45.86108292386777,1.6702,0.9233,0.028325727591551855,-0.7679717021961414,0.04264607947117871,-1.5750246722326209,108.22841937588785,-1.455278272855863,-10.80473432331498,-10.95473432331498,0.3423188577165268
4786,XRP,long,1790143406,1790153488,1.61330509949,-2.6721342665258576,0.07081618089651535,36.07612364538307,4.0,0.005823387351202136,-0.017544790194333304,-0.06868204874888695,0.06697459584295617,0.8888195863770249,0.0156466728772115,0.8298590205723839,0.0013,11.086880110082053,2.4014,1.0234,-0.015151666626254777,-0.4735127631900896,0.04264607947117871,-2.742950447422373,144.30449458153228,-1.900807355568957,-6.868204874888695,-7.018204874888696,0.5120432335984658
4784,BNB,long,1790132464,1790156701,795.4689452289999,-1.9177237669571707,0.053133482384189114,27.045944137785998,4.0,0.0019247197268768002,-0.006875120973359294,-0.031011826894006833,0.0012659830358272561,0.8974334631628297,0.0060251970508759245,0.5574935739940652,0.0002956,-4.604390342458808,2.1817,1.1474,0.00809875480014732,-1.0,0.04264607947117871,-1.9708572493413599,108.18377655114399,-1.821767840032498,-3.1011826894006833,-3.2511826894006832,0.34549654236538385
4791,UNI,long,1790157703,1790158847,10.111493718,-2.364125826602673,0.0529108956549811,36.0619682456658,3.0,-0.03505849164193686,-0.08312260695012774,-0.12386831786982866,0.15486071631608866,0.8387806417590972,0.03281979419780349,0.5103917596883453,0.00102096,42.11816625704945,1.7137,0.9347,0.11242558705117774,0.748233528000859,0.04264607947117871,-2.417036722257654,108.1859047369974,-2.234151230822102,-12.386831786982865,-12.536831786982866,0.3166946094394429
4787,VIRTUAL,long,1790143409,1790162444,0.74948188329,1.4857726090252712,0.050347569382566,33.069788860075754,3.0,0.013099871963417442,0.01510125456310818,-0.04227171329469104,0.054076890578791836,0.8761664149396376,0.017278603110662802,0.9302354391051264,0.00065,,,,0.17122965170352458,,0.04264607947117871,1.4354250396427053,99.20936658022725,1.4468644333919072,-4.227171329469104,-4.377171329469104,0.5734216521698104
4789,SOL,long,1790151506,1790163482,118.259779966,-1.943141917031007,0.053132383629450004,27.0519246672225,4.0,-0.009553374497439537,-0.009046016881712138,-0.035344053296917144,0.007681802663024984,0.9257497935192782,0.008619039495750469,-1.775747177793533,-0.00128626,1.7036692553394683,1.7375,0.836,-0.05680624559815419,0.6892418746841052,0.04264607947117871,-1.9962743006604569,108.20769866889,-1.8448542249927646,-3.5344053296917144,-3.6844053296917143,-1.081239234665983
4788,BTC,long,1790145779,1790163566,86718.05976933999,-2.4006775023706943,0.06388442045145,26.015417930802,5.0,-0.00683086972789293,-0.010725098921883669,-0.030421111546509727,0.012829212211131757,0.9543440268335092,0.004895503572817091,2.2834259011630738,0.00104673,-2.752882756485364,0.8907,0.8424,-0.0020845905025738106,-0.7426841056518746,0.04264607947117871,-2.4645619228221443,130.07708965401,-1.894693315615835,-3.0421111546509727,-3.1921111546509726,1.4008738745247165
4792,XRP,long,1790159100,1790165041,1.5843689529,-2.5828249703225783,0.07086193923838852,36.07667519589034,4.0,-0.006670764963334297,-0.03658803891220841,-0.08184264950575826,0.03412278984798078,0.81779320790378,0.015630378056170343,0.5259303580101714,0.0012,7.140912975463554,2.349,0.8441,0.00927680139128337,0.9014677710546563,0.04264607947117871,-2.653686909560967,144.30670078356135,-1.8389214742987603,-8.184264950575827,-8.334264950575827,0.32619618964872216
4793,UNI,long,1790162569,1790167977,9.746725133400002,-1.9643058729930298,0.053188203561578815,36.11356596427369,3.0,-0.0011003832829191706,-0.05055289101275007,-0.07640772907896853,0.12459658828953435,0.7678001816306679,0.035689643249003596,0.3724944857283564,0.00084195,30.941147284755345,1.8401,0.9288,0.08108609204404267,0.9968439450712473,0.04264607947117871,-2.0174940765546086,108.34069789282107,-1.862175632789876,-7.640772907896853,-7.790772907896853,0.23237284617387394
4797,VIRTUAL,long,1790172268,1790172550,0.7393963778600001,-1.9377704832475011,0.048638215972673454,33.07140078382502,3.0,-0.04259741973737907,-0.05909736532178922,-0.010814737669047836,0.019259870683725477,0.8254344962776665,0.02113693263389312,0.5870195266850204,0.0006,,,,0.00014508138875630571,0.9788930902099223,0.04264607947117871,-1.9864086992201746,99.21420235147505,-2.0021414798892874,-1.0814737669047836,-1.2314737669047835,0.36355114432741764
4790,ETH,long,1790154111,1790172561,2742.569320452,-2.9535933879773175,0.0736699945297856,30.05855975215392,5.0,-0.005155501575314636,-0.011022263038739766,-0.03750472948302641,-0.00148566714485443,0.8617660760991699,0.006394941888171082,-0.44475572006269426,0.00036665,0.6629172588545007,2.5063,1.0195,0.03188671860880823,1.0,0.04264607947117871,-3.027263382507103,150.29279876076959,-2.0142438010791097,-3.750472948302641,-3.900472948302641,-0.2673613139186992
4795,SOL,long,1790170826,1790172640,117.23306283400001,-2.1118750887235005,0.053064714048337604,27.060321728658053,4.0,-0.015891957345156693,-0.022204169805628227,-0.01964516475408562,-0.007377883310719202,0.8836367036095166,0.008706710044414688,0.14557063853986943,0.00018961,-0.6806015669231558,1.7012,0.8959,0.062307507891965666,0.6194190044309873,0.04264607947117871,-2.1649398027718383,108.24128691463221,-2.0001053798254302,-1.964516475408562,-2.114516475408562,0.09361289557839163
4794,BNB,long,1790164022,1790172660,784.97446041,-1.9811034206822593,0.0530947757522624,27.042370161124502,4.0,-0.008247988611780221,-0.026974712526239952,-0.019585937104208195,-0.004959938954597454,0.7854710515238096,0.0062604402590613435,-1.3598873420905948,-0.00047666,-3.37503199121556,2.1888,1.0324,0.006959240308913426,1.0,0.04264607947117871,-2.034198196434522,108.16948064449801,-1.8805657421245932,-1.9585937104208195,-2.1085937104208194,-0.8269482424598861
4796,BTC,long,1790172260,1790172798,85888.73623021001,-2.466601169586148,0.0632419861692,25.766620869063,5.0,-0.01559268757454313,-0.01934405258632299,-0.015980398483581904,-0.003491829537344171,0.8872623923359412,0.005004813922339986,0.4735688489240935,0.00072618,-4.215459941731192,0.9751,0.9245,-0.03399134314247798,0.8622406324550711,0.04264607947117871,-2.5298431557553482,128.833104345315,-1.9636592385250131,-1.5980398483581904,-1.7480398483581903,0.2941780456594126
4798,XRP,long,1790172986,1790173875,1.53381154285,-2.1422066711887426,0.0589734776071178,30.022290305705905,4.0,-0.010047872518525791,-0.028042260504885563,-0.010830237213584781,-0.013719906808180138,0.6936954905498283,0.019060825576648722,0.4946696747324448,0.0012,-2.698357607905988,2.2862,0.8783,-0.04063478434739837,0.9570745762212824,0.04264607947117871,-2.2011801487958604,120.08916122282362,-1.8329548865043732,-1.0830237213584781,-1.233023721358478,0.30708083037317024
4805,UNI,long,1790217223,1790233963,9.450557400000001,-3.271166991887607,0.047972283861988194,33.07191060272,3.0,-0.020375242628546064,-0.018364779203394077,-0.04005662142213984,-0.11358071199849307,0.7101687877018877,0.019144751338008012,-0.749277792547468,-0.00033404,-23.466410291097606,1.867,0.8494,-0.06330939013612201,0.19170029538214875,0.03785996577324169,-3.3191392757495954,99.21573180816,-3.3453759955803832,-4.005662142213984,-4.155662142213984,-0.5047304560217817
4807,XRP,long,1790234653,1790242355,1.5028766260000002,-3.9541271977597185,0.05814596836971908,30.06151514305891,4.0,-0.015621126574098532,-0.021742720217141853,0.014986841641118076,-0.07156553473124272,0.6177629504172805,0.010175723594530854,-0.03566954896754115,0.00039787,-19.21985911653915,2.3647,0.9576,0.009103946103775998,0.6273338291591757,0.03785996577324169,-4.012273166129438,120.24606057223563,-3.336719013525718,1.4986841641118076,1.3486841641118077,-0.06837153715755317
4803,SOL,long,1790209628,1790252847,115.45099776,-2.063539333333342,0.05896516070328241,30.063439816704005,4.0,-0.002087446316410335,-0.005205652369062785,0.015409154312362006,-0.02954545454545443,0.8105413355209193,0.010721926764378477,1.271170545758536,0.00075468,-4.868461478188113,1.8539,0.8802,-0.07157738081929431,-0.9638690581148432,0.03785996577324169,-2.1225044940366242,120.25375926681602,-1.7650213240546306,1.5409154312362006,1.3909154312362007,0.730738248909859
4804,BTC,long,1790209634,1790252854,84524.56173504,-1.6614141716917108,0.066642336905072,27.0478597552128,5.0,-0.0031477446268698417,-0.008282346819312614,0.0004038857375801008,-0.02395750762305382,0.7769181773726227,0.006641771878127747,-0.08080594443999088,0.00055399,-9.634438797315193,1.1608,0.7795,-0.10516897291509822,-0.5694766243875635,0.03785996577324169,-1.7280565085967827,135.239298776064,-1.2777768919507526,0.04038857375801008,-0.10961142624198991,-0.09597165095525825
4808,ETH,long,1790240961,1790284213,2672.5009406219997,0.6054606813487418,0.06776589282754499,27.045709519094636,5.0,-0.013235146182499546,-0.004599040709463376,0.013881775985218558,-0.026733399774392486,0.7055447708507971,0.006833620473340809,-0.7192344010478599,0.00011128,-5.645353318346458,2.7467,0.7665,-0.015664743198154363,0.9750695804070498,0.03785996577324169,0.5376947885211968,135.22854759547317,0.39761928829530396,1.3881775985218558,1.238177598521856,-0.48635944930804625
4812,VIRTUAL,long,1790285872,1790304431,0.74966243,-3.2787868764705945,0.04797060538757172,33.073332210515666,3.0,-0.012488861153145958,-0.015156728609168835,0.02953005127921382,0.07298850574712645,0.877074597585513,0.020323433156059705,0.4948938008466623,0.0006,,,,-0.09445387915986458,,0.03785996577324169,-3.3267574818581664,99.21999663154699,-3.3529102951011636,2.953005127921382,2.803005127921382,0.25605864116055727
4806,BNB,long,1790222691,1790306402,768.2010354,0.6335346655708143,0.0663104520559824,33.07105457397,4.0,0.006507365090177242,0.005596145282154685,0.0039038799243982236,-0.03939774153074027,0.6257241466666669,0.006266960720482435,-0.6218319482165797,-0.00048736,-6.505808911174727,2.2938,1.1043,0.06600019063046533,-1.0,0.03785996577324169,0.5672242135148319,132.28421829588,0.4287920515553276,0.39038799243982236,0.24038799243982237,-0.42679955857729823
4811,BTC,long,1790266332,1790309624,84244.73290357001,-0.3108193001994054,0.06709067645440002,26.958314529142406,5.0,0.0007652359288001787,-0.000519117362744459,-0.0032433232815013424,-0.0002007860357470248,0.7542836149746426,0.007829569603538382,1.7754180293848956,0.00097391,-4.029733265187174,1.2701,0.9684,-0.13574592241517924,-0.39909574099846723,0.03785996577324169,-0.37790997665380544,134.79157264571202,-0.28036617515184653,-0.32433232815013424,-0.47433232815013426,1.0390767368333962
4817,VIRTUAL,long,1790312473,1790334750,0.74526224344,6.461195399999992,0.0211365,33.07374468087595,3.0,0.023800691254833417,0.05358886339881419,0.0366820629927711,0.017551133222774906,0.8549408623742455,0.016130467734337073,0.37129179786672956,0.00055,,,,0.03726427965847107,,0.035218814903508644,6.440058899999992,99.22123404262784,6.490605526265866,3.6682062992771103,3.5182062992771104,0.15224666474949025
4810,SOL,long,1790262739,1790338622,115.21411907999997,4.438497634655557,0.068363625354182,33.072212881914,4.0,0.018625155815408467,0.020621438925817026,0.04674670919681545,-0.0021742911810749277,0.8008252288761272,0.01075017053865955,1.5909243448532346,0.00065347,-0.6372376896075949,1.881,1.2099,0.06219934069177781,-0.5705134996452844,0.03785996577324169,4.370134009301375,132.288851527656,3.303478682319474,4.674670919681545,4.524670919681545,0.9262620861566533
4809,XRP,long,1790258604,1790338685,1.50210875088,7.1180613993996396,0.069691470128192,33.06622035487162,4.0,0.007783224159469748,0.01803547786012749,0.055249827331995904,-0.01515748031496067,0.6158781317623954,0.012083013290061033,-0.0694584893949598,9.54e-06,-12.736176661039856,2.4904,0.8808,-0.055090897692931136,-0.44143687513791424,0.03785996577324169,7.0483699292714475,132.26488141948647,5.3289806437107785,5.52498273319959,5.37498273319959,-0.08903288131539265
4813,ETH,long,1790295606,1790338827,2696.197732308,-0.13085384670685096,0.06732298989043022,27.015901277726165,5.0,-0.0039046588393159,-0.006000202475562322,-0.004731749513445016,0.0027610207952186716,0.7583780707839112,0.007946375647182122,0.016874242010505046,0.00028153,-1.1171945653704718,2.6955,1.1304,-0.04648403194327211,0.7125739932946392,0.035218814903508644,-0.1981768365972812,135.07950638863082,-0.14671125316901593,-0.4731749513445016,-0.6231749513445016,-0.06447345149255634
4821,VIRTUAL,long,1790342222,1790344056,0.7937775648,-3.5552554402437266,0.05235220828606579,36.08655689542464,3.0,-0.02793926886254061,-0.020884395749049434,-0.016475100053117586,0.08828428650749576,0.9718752882562274,0.017844149724557362,-0.29163619295225873,0.00055,,,,-0.11999015077940232,-0.367565505360781,0.035218814903508644,-3.6076076485297923,108.25967068627392,-3.3323652526011194,-1.6475100053117586,-1.7975100053117585,-0.25312216886630173
4818,BNB,long,1790334813,1790378045,783.594761696,-1.0257222674241884,0.059454385455777005,30.0508591110416,4.0,-0.0068846321590047,-0.011095992624020612,-0.01084075865644385,0.008962202883491255,0.7723310637714283,0.004220475963857796,-1.4295422513069411,-0.00294926,1.5891187113439509,2.1114,0.9316,-0.039762029574931156,-1.0,0.035218814903508644,-1.0851766528799653,120.2034364441664,-0.9027833853851773,-1.084075865644385,-1.2340758656443849,-0.9489317560730826
4819,UNI,long,1790338746,1790381964,9.682683148399999,-0.4436166056515688,0.053777157441729576,36.08058221588292,3.0,0.003853978388848489,-0.014632632941563362,-0.01711128474005441,0.09055512292802304,0.7553382269702276,0.01567599723748022,1.473504853595018,0.0012,17.573314012192775,1.6802,0.8558,-0.07769265741705766,-0.9898058037362474,0.035218814903508644,-0.49739376309329836,108.24174664764877,-0.4595211907587069,-1.711128474005441,-1.861128474005441,0.8262306071754077
4820,BTC,long,1790339160,1790382529,84415.13705884,-0.7796622592787474,0.066991096053072,27.012843858828802,5.0,-0.006827413647842229,-0.006351195739530691,-0.004788679766737136,0.010224416463206154,0.7680671249334704,0.004854833420287764,-0.1320478598395084,0.00040787,0.7370025202296793,1.1973,0.8739,0.1372941085480327,0.20342728783563807,0.035218814903508644,-0.8466533553318194,135.064219294144,-0.6268524408288849,-0.4788679766737136,-0.6288679766737136,-0.1555367035540244
4822,XRP,long,1790345953,1790389183,1.5711305487200002,0.07069664956517988,0.07204920552144842,36.08859375625238,4.0,4.4204652539070466e-05,-0.00027403752053001273,-0.01656803678167129,0.03981017664118092,0.7852983522827692,0.014757344196892931,-0.8211276897434567,0.0001747,9.08439996640633,2.296,1.102,0.07500432276146002,-0.021642890414779178,0.035218814903508644,-0.0013525559562685419,144.35437502500952,-0.0009369691469581095,-1.6568036781671291,-1.806803678167129,-0.5768969278692517
4823,VIRTUAL,long,1790378225,1790393001,0.7995020043,-2.7080110154193298,0.0436189911910778,30.06775132791483,3.0,-0.006381477810636582,-0.03202243917126346,-0.01276044868571935,0.06947990861443354,0.9973398767793591,0.019360265947204983,0.3951748357891021,0.0006,,,,-0.04842891034932269,0.982717818646431,0.035218814903508644,-2.7516300066104074,90.20325398374449,-3.0504775438658545,-1.276044868571935,-1.426044868571935,0.1668507233499324
4827,BNB,long,1790393479,1790436683,777.90549607,-0.4376906210912888,0.053762143061135595,27.05166362583425,4.0,-0.005534728950690626,-0.006434581186645416,-0.008619936616820811,0.0019412449851170521,0.7181475816190479,0.0040309707304499055,0.13448136094872687,-0.00041673,0.36283827638528,2.0703,0.7756,-0.12630326346308443,-1.0,-0.026365781186304282,-0.4914527641524244,108.206654503337,-0.45417979735919883,-0.8619936616820811,-1.011993661682081,-0.6508425454174596
4826,UNI,long,1790389330,1790442506,9.551554954,0.4197328583420765,0.04520737643964773,30.06765822486174,3.0,0.00036067907441150737,0.01972925318521912,0.02067150814196106,0.052475573608518955,0.7298219408445223,0.017902844178097777,0.4437611307959366,0.0012,10.065634335360896,1.7056,0.9751,-0.012582546418186756,,-0.026365781186304282,0.3745254819024288,90.20297467458522,0.4152030276757067,2.067150814196106,1.917150814196106,-0.46172339326182715
4828,SOL,long,1790436954,1790480215,122.27715959999999,-1.4839371813175972,0.053222859801873,27.044650774529998,4.0,-0.005783251772557452,-0.009626978610320913,-0.004474749019276247,0.011321068842087723,0.9968938732658414,0.0064665738744743165,,0.0012,2.6237786369956773,1.5183,1.3614,0.10315302944153774,-0.8957264939706174,-0.026365781186304282,-1.5371600411194701,108.17860309811999,-1.4209464691693585,-0.44747490192762474,-0.5974749019276248,-0.6894460422260924
4829,XRP,long,1790442860,1790486178,1.54383452641,-2.378850333831062,0.05880667240821463,30.06884051639281,4.0,-0.006111099504905404,-0.016539678296596638,-0.015568071576873788,-0.015152483856530896,0.718297806602847,0.005903667496982245,1.2652466261475455,0.0012,-1.8260125760853008,2.3212,0.8318,-0.02789441676950797,0.7007713428681068,-0.026365781186304282,-2.4376570062392764,120.27536206557124,-2.0267301335666104,-1.5568071576873788,-1.7068071576873787,0.04060057207802126
4830,UNI,long,1790480610,1790513365,9.7677516515,0.889832656593123,0.04103920086844949,27.062858317367613,3.0,-0.005298215325944766,0.031353003170690785,-0.047170696792771416,0.01864460039803073,0.7718917399299474,0.014215875649932075,-1.5465631228152208,-0.00050741,-0.007715610850478338,1.5628,0.8302,-0.07157265560486843,-0.9272027007750463,-0.021159063916046383,0.8487934557246736,81.18857495210284,1.0454592363832214,-4.717069679277142,-4.867069679277142,-1.623116637800826
4831,BTC,long,1790486355,1790532928,84558.86072862001,0.046150054127553436,0.067511696786328,27.058835433158407,5.0,-0.0008746656232442307,0.002174098252931689,-0.016731076038979387,0.005825925727197534,0.7796925259138238,0.0020617084097812113,0.6777865582142523,0.0004313,-0.5231100561317814,1.266,1.3624,0.09675500228011151,-0.9945473143428145,-0.021159063916046383,-0.021361642658774563,135.29417716579204,-0.015789033280122322,-1.6731076038979387,-1.8231076038979386,-0.26296583976523746
4834,AAVE,long,1790546602,1790560198,153.7174938057634,-12.488301837248313,0.6839103100867737,461.18415143855236,3.0,0.00515560184215591,-0.01494620910659994,-0.0409029164481971,-0.006781631466770133,0.9178701010032875,0.009446828862418079,0.7255848828997578,0.0012,-1.5435824203259285,1.8466,0.8982,0.1314301629372123,0.8447326862210005,-0.021159063916046383,-13.172212147335086,1383.552454315657,-0.9520573004838058,-4.09029164481971,-4.2402916448197105,-0.23373800296411662
4832,UNI,long,1790513943,1790560541,9.845000177399998,-2.968835900213788,0.04362094313715441,30.070240375177974,3.0,0.000914151593482071,-0.015134603830890714,-0.08623668482494762,0.027983710974209153,0.7869235604981509,0.015765798163274065,0.2316173321936331,0.00083057,1.5706645360385796,1.6406,0.9105,0.014287570183228085,1.0,-0.021159063916046383,-3.012456843350942,90.21072112553392,-3.339355683853716,-8.623668482494761,-8.773668482494761,-0.5357904922946907
4835,ATOM,long,1790546604,1790565729,1.8643966332980064,-15.851168268646132,0.6810557933833541,460.39742705156505,3.0,0.002469091940940915,0.0008599922749041866,-0.08227682380366508,0.0032275416890801267,0.8679665213464192,0.010190964551566506,0.8417952307351333,0.0012,,,,0.11553651179055208,,-0.021159063916046383,-16.532224062029485,1381.1922811546951,-1.1969531170713121,-8.227682380366508,-8.377682380366508,-0.16267741447106798
4833,SOL,long,1790546593,1790573617,122.16307671814904,-45.632474504825495,0.669066724108,345.94382750098055,4.0,-0.002644634752400954,-0.009929978441422294,-0.03710676613529984,0.002053050833538572,0.9035179767286364,0.007104087144591472,-1.2102439550751205,0.00072419,0.31497532211393064,1.6274,0.9178,0.016517805148888506,0.7408977159743373,-0.021159063916046383,-46.301541228933495,1383.7753100039222,-3.3460303052236315,-3.710676613529984,-3.860676613529984,-1.417463368309202
